Title,Author,PubYear,idx,Domain,CodedAge,Age,MeanAge,YoungOld,mean.e,mean.c,n.e,n.c,sd.e,sd.c
Altered brain activation in cognitively intact individuals at high risk for Alzheimer's disease,Smith et al (1999),1999,1,Construction,1,M,NA,1,11.6,10.36,14,12,3.3,2.3
Altered medial temporal lobe responses during visuospatial encoding in healthy APOE*4 carriers,Borghesani et al (2008),2008,2,Spatial Navigation,1,O,72.9,1,59.1,57.9,7,7,5.1,4.3
Altered medial temporal lobe responses during visuospatial encoding in healthy APOE*4 carriers,Borghesani et al (2008),2008,2,Spatial Navigation,1,O,72.9,1,60.5,62.9,7,7,10.9,13.1
ApoE genotype and abnormal auditory cortical potentials in healthy older females,"Irimajiri, Golob & Starr (2010)",2010,3,Construction,1,O,69.53333333,1,11.6,10.6,10,20,2.1,1.1
ApoE genotype and abnormal auditory cortical potentials in healthy older females,"Irimajiri, Golob & Starr (2010)",2010,3,Construction,1,O,69.53333333,1,10.8,11.6,10,20,0.4,2.7
APOE influences on neuropsychological function after mild head injury - Within-person comparisons,Sundström et al. (2004),2004,4,Construction,NA,L,NA,NA,29.18,29.61,11,23,8.07,9.59
APOE influences working memory in non-demented elderly through an interaction with SPON1 rs2618516,Liu et al. (2018),2018,5,Spatial Long Term Memory,1,O,64.4,1,12.54,13.5,119,591,6.71,6.3
APOE modifies the interaction of entorhinal cerebral blood flow and cortical thickness on memory function in cognitively normal older adults,Hays et al (2019),2019,6,Construction,1,O,73.3,1,45.22,47.07,41,76,6.901,7.93
ApoE ε4 allele related alterations in hippocampal connectivity in early Alzheimer’s disease support memory performance,De Marco et al. (2017),2017,7,Construction,1,O,73.5,1,29.23333333,28.13333333,15,15,3.949984931,6.359657074
ApoE ε4 allele related alterations in hippocampal connectivity in early Alzheimer’s disease support memory performance,De Marco et al. (2017),2017,7,Spatial Long Term Memory,1,O,73.5,1,8.4,7.866666667,15,15,4.400486986,3.916388035
ApoE ε4 allele related alterations in hippocampal connectivity in early Alzheimer’s disease support memory performance,De Marco et al. (2017),2017,7,Spatial Reasoning,1,O,73.5,1,26.33333333,25,15,15,5.433581648,6.469709642
ApoE ε4 allele related alterations in hippocampal connectivity in early Alzheimer’s disease support memory performance,De Marco et al. (2017),2017,7,Spatial Working Memory,1,O,73.5,1,4.133333333,4.133333333,15,15,0.743223353,0.743223353
APOE ε4 alters associations between docosahexaenoic acid and preclinical markers of Alzheimer's disease,Coughlan et al (2021),2021,8,Spatial Navigation,1,O,61.3,1,9.545454545,11.75,24,24,4.079300509,2.722690485
APOE ε4 alters associations between docosahexaenoic acid and preclinical markers of Alzheimer's disease,Coughlan et al (2021),2021,8,Spatial Navigation,1,O,61.3,1,7.714285714,7.270833333,24,24,3.10874343,2.974453427
APOE ε4 alters associations between docosahexaenoic acid and preclinical markers of Alzheimer's disease,Coughlan et al (2021),2021,8,Spatial Navigation,1,O,61.3,1,11.61904762,11.8125,24,24,3.007926038,2.381141944
APOE ε4 alters associations between docosahexaenoic acid and preclinical markers of Alzheimer's disease,Coughlan et al (2021),2021,8,Spatial Navigation,1,O,61.3,1,0.375714286,0.59,24,24,0.130444296,0.201860908
APOE ε4 differentially influences change in memory performance depending on age. The SMART-MR study,Jochemsen et al (2012),2012,9,Spatial Long Term Memory,1,M,NA,1,19.96,19.39,243,512,7.414,6.893
APOE ε4 differentially influences change in memory performance depending on age. The SMART-MR study,Jochemsen et al (2012),2012,9,Construction,1,M,NA,1,34.27,34.54,247,517,4.201,2.804
APOE-ε4 selectively modulates posteromedial cortex activity during scene perception and short-term memory in young healthy adults,Shine et al. (2015),2015,10,Construction,0,Y,19.7,0,35.4,35.23,15,13,0.91,1.01
APOE-ε4 selectively modulates posteromedial cortex activity during scene perception and short-term memory in young healthy adults,Shine et al. (2015),2015,10,Spatial Long Term Memory,0,Y,19.7,0,26.47,24.81,15,13,5.46,6.22
APOE4 Status is Related to Differences in Memory-Related Brain Function in Asymptomatic Older Adults with Family History of Alzheimer's Disease: Baseline Analysis of the PREVENT-AD Task Functional MRI Dataset,Rabipour et al (2020),2020,11,Spatial Long Term Memory,1,O,63.42,1,0.54,0.54,67,98,0.17,0.15
Apolipoprotein E epsilon 4 allele and hippocampal volume in twins with normal cognition,Plassman et al (1997),1997,12,Spatial Long Term Memory,1,O,62.5,1,6.83,6.57,6,14,0.98,0.85
Apolipoprotein E epsilon 4 allele and lorazepam effects on memory in high-functioning older adults,Pomara et al (2005),2005,13,Composite,1,O,66.1,1,52.3,54.2,24,40,9.5,7.5
Apolipoprotein E epsilon 4 Allele is not associated with the cognitive impairment in community-dwelling normal elderly individuals,Kim et al (2002),2002,14,Construction,1,O,70.1,1,9.2,9.1,74,392,2.1,2.2
Apolipoprotein E epsilon 4 Allele is not associated with the cognitive impairment in community-dwelling normal elderly individuals,Kim et al (2002),2002,14,Spatial Long Term Memory,1,O,70.1,1,5.4,5.8,74,392,2.9,3.1
Apolipoprotein E genotype and memory in the sixth decade of life,Schultz et al (2008),2008,15,Spatial Working Memory ,1,M,55.1,1,78.45,78.79,189,437,12.1,12.14
Apolipoprotein E genotype and memory in the sixth decade of life,Schultz et al (2008),2008,15,Spatial Long Term Memory,1,M,55.1,1,58.09,56.41,189,437,20.16,19.62
Apolipoprotein E genotype impact on memory and attention in older persons: the moderating role of personality phenotype,Chapman et al (2018),2018,16,Construction,1,O,82.4,1,23.3,23.5,36,136,3.5,3.48
Apolipoprotein E is not related to memory abilities at 70 years of age,Luciano et al (2009),2009,18,Spatial Working Memory,1,O,69.6,1,7.49,7.73,280,675,1.67,1.56
Apolipoprotein E ε4 Allele Modulates the Immediate Impact of Acute Exercise on Prefrontal Function,De Marco et al. (2015),2015,19,Spatial Attention,0,Y,20.4,0,-22.875,-20,17,28,5.125,4.75
Apolipoprotein E ϵ4 is positively related to spatial performance but unrelated to hippocampal volume in healthy young adults,Stening et al. (2016),2016,20,Spatial Navigation,0,Y,23.4,0,-29.2,-29,17,43,7.7,11
Apolipoprotein E ϵ4 is positively related to spatial performance but unrelated to hippocampal volume in healthy young adults,Stening et al. (2016),2016,20,Spatial Navigation,0,Y,24.3,0,-17.9,-20.3,22,39,6.6,7.9
"Apolipoprotein E, B vitamins, and cognitive function in older adults",Bunce et al (2005),2005,21,Construction,1,O,80.9,1,13.95,14.95,21,64,4.53,5.55
Apolipoprotein E4 and Sex Affect Neurobehavioral Performance in Primary School Children,Acevedo et al (2010),2010,22,Spatial Navigation,NA,C,9,NA,33.5,49.5,12,38,46.7653718,46.23310502
Apolipoprotein E4 and Sex Affect Neurobehavioral Performance in Primary School Children,Acevedo et al (2010),2010,22,Construction,NA,C,9,NA,62.2,56.5,12,38,12.12435565,11.71238661
Apolipoprotein E4allele in the normal elderly: neuropsychologic and brain MRI correlates ,Schmidt et al (1996),1996,23,Composite,1,O,NA,1,35.9,38.7,39,175,7.5,10.7
Apolipoprotein ɛ4 breaks the association between declarative long-term memory and memory-based orienting of spatial attention in middle-aged individuals,Salvato et al (2016),2016,24,Spatial Long Term Memory,1,M,45.7,1,-265.96,-259.375,39,20,25.93,27.5
"Apolipoprotein ε4 Allele status, depressive symptoms, and cognitive decline in middle-aged and elderly persons without dementia",Lavretsky et al (2003),2003,25,Construction,1,O,66.6,1,34.7,34.4,20,29,2.1,2.1
"Apolipoprotein ε4 Allele status, depressive symptoms, and cognitive decline in middle-aged and elderly persons without dementia",Lavretsky et al (2003),2003,25,Spatial Long Term Memory,1,O,66.6,1,18.9,19.8,20,29,6.9,7.3
Association of parental dementia with cognitive and brain MRI measures in middle-aged adults,Debette et al (2009),2009,26,Spatial Long Term Memory,1,M,59,1,8.73,8.57,165,514,3.38,3.22
Asymmetries in global-local processing ability in elderly people with the apolipoprotein e-epsilon4 allele,Jacobson et al (2005)a,2005,27,Spatial Long Term Memory,1,O,NA,1,28.4,31.4,20,20,13,11.5
Asymmetries in global-local processing ability in elderly people with the apolipoprotein e-epsilon4 allele,Jacobson et al (2005)a,2005,27,Spatial Long Term Memory,1,O,NA,1,23.5,23.9,20,20,16.3,12.9
Asymmetry in auditory and spatial attention span in normal elderly genetically at risk for Alzheimer's disease,Jacobson et al (2005)b,2005,28,Spatial Working Memory,1,O,74,1,14,14,21,21,2.4,2.2
Both odor identification and ApoE-ε4 contribute to normative cognitive aging,Finkel et al (2011),2011,29,Spatial Reasoning,1,O,64.2,1,52.317757,49.0690909,107,275,17.9872062,19.0320214
Both odor identification and ApoE-ε4 contribute to normative cognitive aging,Finkel et al (2011),2011,29,Spatial Reasoning,1,O,64.2,1,18.1192661,17.9855596,109,277,3.6810948,3.6761778
Both odor identification and ApoE-ε4 contribute to normative cognitive aging,Finkel et al (2011),2011,29,Construction,1,O,64.2,1,19.8348624,19.3043478,109,276,6.8725349,7.4965288
Brain network local interconnectivity loss in aging APOE-4 allele carriers,Brown et al (2011),2011,30,Spatial Long Term Memory,1,O,62.4,1,13.8,12.9,25,30,7.1,7.2
Brain Oxygen Extraction by Using MRI in Older Individuals: Relationship to Apolipoprotein E Genotype and Amyloid Burden,Lin et al (2019),2019,31,Composite,1,O,69.1,1,0.874,0.7,50,93,1.33,1.42
Catechol‐O‐methyltransferase genotype modulates cancer treatment‐related cognitive deficits in breast cancer survivors,Small et al (2011),2011,32,Spatial Working Memory,1,M,55.7087931,1,10.98,10.38,121,200,2.74,3.03
Cerebral metabolic and cognitive decline in persons at genetic risk for Alzheimer's disease,Small et al (2000),2000,33,Spatial Long Term Memory,1,O,66.4,1,-4.3,-4.7,27,27,2.4,2.8
Cholesterol and triglycerides moderate the effect of apolipoprotein E on memory functioning in older adults,de Frias et al. (2007),2007,34,Construction,1,O,66.72,1,0.5,0.29,75,180,1,0.92
"Cognitive Ability at Age 11 and 70 Years, Information Processing Speed, and APOE Variation: The Lothian Birth Cohort 1936 Study",Luciano et al (2009),2009,35,Construction,1,O,64.9,1,33.34,34.06,297,711,10.36,10.15
Cognitive activities and cognitive performance in middle-aged adults at risk for Alzheimer’s disease,Jonaitis et al (2013),2013,36,Spatial Reasoning,1,M,54,1,24.3074205,25.0167715,283,477,4.2627591,4.3254829
Cognitive activities and cognitive performance in middle-aged adults at risk for Alzheimer’s disease,Jonaitis et al (2013),2013,36,Spatial Reasoning,1,M,54,1,57.3074205,58.4528302,283,477,7.3557654,6.4100415
Cognitive activities and cognitive performance in middle-aged adults at risk for Alzheimer’s disease,Jonaitis et al (2013),2013,36,Construction,1,M,54,1,54.5547703,55.9056604,283,477,8.5315229,8.3644349
Connectome signatures of hyperexcitation in cognitively intact middle-aged female apoe-∈4 carriers,Fortel et al. (2020),2020,37,Spatial Navigation,1,M,50.85,1,2.8,3.5,38,38,0.96,0.9
Connectome signatures of hyperexcitation in cognitively intact middle-aged female apoe-∈4 carriers,Fortel et al. (2020),2020,37,Spatial Navigation,1,M,50.85,1,40.1,35.9,38,38,25.2,22.7
Context-specific memory and apolipoprotein E (ApoE) 4: Cognitive evidence from the NIMH prospective study of risk for Alzheimer’s disease,Levy et al (2004),2004,38,Spatial Long Term Memory,1,MO,59.4,1,17.8,17.4,61,115,7.1,7.1
Decreased Cognition in Children with Risk Factors for Alzheimer's Disease,Bloss et al. (2008),2008,39,Construction,NA,C,13.4,NA,53.33,52.35,22,80,8.26,12.89
Differential effects of the APOE genotype on brain function across the lifespan,Filippini et al (2011),2011,40,Composite,1,O,64.4,1,15.9,15.8,15,20,0.3,0.5
Differential effects of the ApoE4 genotype on brain structure and function,Matura et al (2014),2014,41,Spatial Long Term Memory,0,Y,26.4,0,33,32.4,25,25,2.7,3.6
Differential effects of the ApoE4 genotype on brain structure and function,Matura et al (2014),2014,41,Spatial Working Memory ,0,Y,26.4,0,19.2,19.4,25,25,1.9,2.7
Disrupted Functional and Structural Networks in Cognitively Normal Elderly Subjects with the APOE epsilon 4 Allele,Chen et al. (2015),2015,42,Construction,1,O,65.76133333,1,33.06,32.83,35,40,3.77,2.73
Disrupted Functional and Structural Networks in Cognitively Normal Elderly Subjects with the APOE epsilon 4 Allele,Chen et al. (2015),2015,42,Spatial Long Term Memory,1,O,65.76133333,1,11.11,10.53,35,40,6.79,6.87
Dissociable effects of APOE ε4 and β-amyloid pathology on visual working memory,Lu et al (2021),2021,43,Spatial Working Memory,1,O,70.6,1,-123,-132,120,278,27,36
Dissociable effects of the apolipoprotein-E (APOE) gene on short- and long-term memories,Zokaei et al (2019),2019,44,Composite,1,O,66.8,1,15,15.5,44,22,0.76,0.6
Early effect of ApoE-epsilon 4 allele on cognitive results in a group of highly performing subjects: The EVA study,Berr et al (1996),1996,45,Spatial Long Term Memory,1,O,65.03560477,1,64.7,65.04,257,900,2.9,2.96
Effects of ε4 on object recognition in the non-demented elderly,Haley et al (2010),2010,46,Spatial Long Term Memory,1,O,NA,1,17.03148148,18.37931034,27,87,3.87,4.48
Effects of ε4 on object recognition in the non-demented elderly,Haley et al (2010),2010,46,Spatial Working Memory ,1,O,NA,1,6.953333333,6.877142857,24,84,1.396202642,1.716523713
Effects of ε4 on object recognition in the non-demented elderly,Haley et al (2010),2010,46,Spatial Working Memory ,1,O,NA,1,6.776666667,6.601428571,24,84,1.690809381,2.002390035
Event-related potential changes in groups at increased risk for Alzheimer disease,Green & Levey (1999),1999,47,Construction,1,M,55.5,1,33.1,32.9,9,8,5.8,7.9
Evidence for Reduced Autobiographical Memory Episodic Specificity in Cognitively Normal Middle-Aged and Older Individuals at Increased Risk for Alzheimer's Disease Dementia,Grilli et al. (2018),2018,48,Construction,1,O,66.57428571,1,0.4,-0.2,18,17,1.3,0.8
Evidence for Reduced Autobiographical Memory Episodic Specificity in Cognitively Normal Middle-Aged and Older Individuals at Increased Risk for Alzheimer's Disease Dementia,Grilli et al. (2018),2018,48,Construction,1,O,66.57428571,1,0.9,0.6,18,17,1,1
Evidence for Reduced Autobiographical Memory Episodic Specificity in Cognitively Normal Middle-Aged and Older Individuals at Increased Risk for Alzheimer's Disease Dementia,Grilli et al. (2018),2018,48,Spatial Long Term Memory,1,O,66.57428571,1,1.1,0,18,17,0.9,0.8
Evidence of cerebral hemodynamic dysregulation in middle-aged APOE ε4 carriers: The PREVENT-Dementia study,Dounavi et al (2021),2021,49,Spatial Long Term Memory,1,M,51.11,1,13.2,11.9,61,97,4,4.4
Failing compensatory mechanisms during working memory in older apolipoprotein E-ε4 healthy adults,Filbey et al (2010),2010,50,Spatial Working Memory ,0,Y,25.5,0,97,95,7,7,4,7
Failing compensatory mechanisms during working memory in older apolipoprotein E-ε4 healthy adults,Filbey et al (2010),2010,50,Spatial Working Memory ,1,M,59.8,1,91,91,17,17,0.09,0.08
Family history and APOE4 risk for Alzheimer's disease impact the neural correlates of episodic memory by early midlife,Rajah et al (2017),2017,51,Spatial Long Term Memory,1,M,51.6,1,0.85,0.86,11,14,0.099498744,0.112249722
Family history and APOE4 risk for Alzheimer's disease impact the neural correlates of episodic memory by early midlife,Rajah et al (2017),2017,51,Spatial Long Term Memory,1,M,51.6,1,0.83,0.87,11,14,0.099498744,0.074833148
Functional connectivity between the entorhinal and posterior cingulate cortices underpins navigation discrepancies in at-risk Alzheimer's disease,Coughlan et al (2020),2020,52,Spatial Navigation,1,O,62.2,1,7.34,7.43,32,32,3,2.7
Functional connectivity between the entorhinal and posterior cingulate cortices underpins navigation discrepancies in at-risk Alzheimer's disease,Coughlan et al (2020),2020,52,Spatial Long Term Memory,1,O,62.2,1,9.47,10.22,32,32,1.23,2.91
Functional connectivity between the entorhinal and posterior cingulate cortices underpins navigation discrepancies in at-risk Alzheimer's disease,Coughlan et al (2020),2020,52,Spatial Long Term Memory,1,O,62.2,1,17.66,22.92,32,32,4.95,2.77
Functional connectivity between the entorhinal and posterior cingulate cortices underpins navigation discrepancies in at-risk Alzheimer's disease,Coughlan et al (2020),2020,52,Construction,1,O,62.2,1,32.12,33.77,32,32,2.67,6.36
Gender Modulates the APOE epsilon 4 Effect in Healthy Older Adults: Convergent Evidence from Functional Brain Connectivity and Spinal Fluid Tau Levels,Damoiseux et al (2012),2012,53,Spatial Long Term Memory,1,O,70.6,1,11.3,11.4,43,88,2.4,2.5
Genetic Alzheimer's Disease Risk Affects the Neural Mechanisms of Pattern Separation in Hippocampal Subfields,Lee et al. (2020),2020,54,Spatial Long Term Memory,0,Y,22.29253731,0,0.7,0.72,34,33,0.058309519,0.114891253
Genetic Alzheimer's Disease Risk Affects the Neural Mechanisms of Pattern Separation in Hippocampal Subfields,Lee et al. (2020),2020,54,Spatial Long Term Memory,0,Y,22.29253731,0,0.78,0.75,34,33,0.116619038,0.172336879
Genetic risk of dementia modifies obesity effects on white matter myelin in cognitively healthy adults,Mole et al. (2020),2020,55,Spatial Working Memory,NA,L,NA,NA,25.4505,26.1016,101,64,5.15194,5.99549
Genetic risk of dementia modifies obesity effects on white matter myelin in cognitively healthy adults,Mole et al. (2020),2020,55,Spatial Long Term Memory,NA,L,NA,NA,24.0297,24.6484,101,64,5.29142,6.63366
Genetic risk of dementia modifies obesity effects on white matter myelin in cognitively healthy adults,Mole et al. (2020),2020,55,Spatial Long Term Memory,NA,L,NA,NA,20.6535,21.3906,101,64,4.3599,4.71276
Genetic risk of dementia modifies obesity effects on white matter myelin in cognitively healthy adults,Mole et al. (2020),2020,55,Spatial Working Memory,NA,L,NA,NA,4.3759,4.4422,98,60,0.68825,0.62627
Healthy versus Entorhinal Cortical Atrophy Identification in Asymptomatic APOE4 Carriers at Risk for Alzheimer's Disease,Konishi et al (2018),2018,56,Spatial Long Term Memory,1,O,66.1,1,20.96,17.83,13,47,6.94,5.35
Homocysteine and real-space navigation performance among non-demented older adults,Parizkova et al (2017),2017,57,Construction,1,O,69.96875,1,31.9286,30.2875,10,54,2.5565,5.7656
Homocysteine and real-space navigation performance among non-demented older adults,Parizkova et al (2017),2017,57,Spatial Long Term Memory,1,O,69.96875,1,19.2143,16.2625,10,54,6.47339,6.13626
Homocysteine and real-space navigation performance among non-demented older adults,Parizkova et al (2017),2017,57,Spatial Navigation ,1,O,69.96875,1,-22.3904,-22.3319,10,54,9.45402,8.84405
Homocysteine and real-space navigation performance among non-demented older adults,Parizkova et al (2017),2017,57,Spatial Navigation ,1,O,69.96875,1,-20.9405,-23.1353,10,54,5.94058,9.20795
Homocysteine and real-space navigation performance among non-demented older adults,Parizkova et al (2017),2017,57,Spatial Navigation ,1,O,69.96875,1,-38.1695,-36.1353,10,54,16.31147,21.64434
Homocysteine and real-space navigation performance among non-demented older adults,Parizkova et al (2017),2017,57,Spatial Navigation ,1,O,69.96875,1,-50.8128,-34.3087,10,54,37.93408,27.64434
Hormone replacement therapy is associated with improved cognition and larger brain volumes in at-risk APOE4 women: results from the European Prevention of Alzheimer’s Disease (EPAD) cohort,Saleh et al. (2023),2023,58,Construction,1,O,65.1,1,104.66,105.16,352,602,17.26073,15.94819739
Hormone replacement therapy is associated with improved cognition and larger brain volumes in at-risk APOE4 women: results from the European Prevention of Alzheimer’s Disease (EPAD) cohort,Saleh et al. (2023),2023,58,Spatial Long Term Memory,1,O,65.1,1,7.48,8.31,33,32,3.159509456,2.432447327
Hormone replacement therapy is associated with improved cognition and larger brain volumes in at-risk APOE4 women: results from the European Prevention of Alzheimer’s Disease (EPAD) cohort,Saleh et al. (2023),2023,58,Spatial Navigation,1,O,65.1,1,5.14,6.54,33,34,3.102063829,3.673499694
Imbalanced hippocampal functional networks associated with remitted geriatric depression and apolipoprotein E epsilon 4 allele in nondemented elderly: A preliminary study,Shu et al. (2014),2014,59,Construction,1,O,71.40689655,1,0.29,0.28,7,22,0.29,0.3
Imbalanced hippocampal functional networks associated with remitted geriatric depression and apolipoprotein E epsilon 4 allele in nondemented elderly: A preliminary study,Shu et al. (2014),2014,59,Spatial Working Memory,1,O,71.40689655,1,-0.02,0.09,7,22,0.92,0.94
Impact of APOE epsilon4 on the cognitive performance of a sample of non-demented Puerto Rican nonagenarians,Carrion-Baralt et al (2009),2009,60,Construction,1,O,92.9,1,8.64,8,14,73,1.45,1.95
Impact of APOE epsilon4 on the cognitive performance of a sample of non-demented Puerto Rican nonagenarians,Carrion-Baralt et al (2009),2009,60,Construction,1,O,92.9,1,0.79,0.44,14,73,0.47,0.5
Increased Brain Activation During Working Memory in Cognitively Intact Adults With the APOE ε4 Allele (Visual Reproduction),Wishart et al (2006),2006,61,Spatial Long Term Memory,1,O,66.6,1,12.9,12.6,13,22,2.7,3.6
"Influence and interactions of cathepsin D, HLA-DRB1 and APOE on cognitive abilities in an older non-demented population",Payton et al (2006),2006,62,Spatial Working Memory,1,O,64.96237641,1,7.64,7.5,429,1250,2.4,2.47
"Influence and interactions of cathepsin D, HLA-DRB1 and APOE on cognitive abilities in an older non-demented population",Payton et al (2006),2006,62,Spatial Working Memory,1,O,64.96251786,1,35.03,35.3,429,1251,3.73,3.51
Influence of brain-derived neurotrophic-factor and apolipoprotein E genetic variants on hippocampal volume and memory performance in healthy young adults,Richter-Schmidinger et al (2011),2011,63,Composite,0,Y,24.5,0,51.17,52.13,18,117,4.95,5.75
MACS (Marburg-Münster Affective Disorders Cohort Study),Goltermann,,64,Spatial Working Memory,0,Y,34.79118428,0,8.7201,9.1502,268,839,1.7905,1.9477
MACS (Marburg-Münster Affective Disorders Cohort Study),Goltermann,,64,Spatial Working Memory,0,Y,34.79118428,0,8.4216,8.5566,268,839,1.7259,1.9206
Mapping the Interactive Effects of ApoE Gene Polymorphism on Caudate Functional Connectivity in Mild Cognitive Impairment Associated With Parkinson's Disease,Shang et al. (2020),2020,65,Spatial Reasoning,1,O,62.65176471,1,20.29,22.06,26,42,7.26,5.78
Medial temporal lobe dysfunction during encoding and retrieval of episodic memory in non-demented APOE ε4 carriers,Kukolja et al. (2010),2010,66,Spatial Long Term Memory,1,O,60.57777778,1,27.1,41.9,8,10,5.7,12.9
Memory performance and the apolipoprotein E polymorphism in a community sample of middle-aged adults,Flory et al. (2000),2000,67,Spatial Long Term Memory,1,M,45.53181818,1,15.8,18.9,61,159,7.81,7.57
Memory precision of object-location binding is unimpaired in APOE ε4-carriers with spatial navigation deficits,Gellersen et al. (2021),2021,68,Spatial Long Term Memory,1,O,64.00869565,1,0.8,0.8,20,26,0.08,0.06
Memory precision of object-location binding is unimpaired in APOE ε4-carriers with spatial navigation deficits,Gellersen et al. (2021),2021,68,Spatial Long Term Memory,1,O,64.00869565,1,21.9,21.4,20,26,4.67,5.73
Memory precision of object-location binding is unimpaired in APOE ε4-carriers with spatial navigation deficits,Gellersen et al. (2021),2021,68,Spatial Working Memory,1,O,64.00869565,1,31.8,33.3,20,26,2.69,2.59
Middle-Aged Children of Persons With Alzheimer’s Disease: APOE Genotypes and Cognitive Function in the Wisconsin Registry for Alzheimer’s Prevention ,Sager et al (2005),2005,69,Construction,1,M,53,1,43.91,46.62,204,248,10.97,12.01
Middle-Aged Children of Persons With Alzheimer’s Disease: APOE Genotypes and Cognitive Function in the Wisconsin Registry for Alzheimer’s Prevention ,Sager et al (2005),2005,69,Construction,1,M,53,1,25.63,25.62,204,248,3.51,3.56
Middle-Aged Children of Persons With Alzheimer’s Disease: APOE Genotypes and Cognitive Function in the Wisconsin Registry for Alzheimer’s Prevention ,Sager et al (2005),2005,69,Construction,1,M,53,1,25.72,25.99,204,248,4.06,3.49
"Midlife cardiovascular risk factors, ApoE, and cognitive decline in elderly male twins",Carmelli et al (1998),1998,70,Spatial Working Memory ,1,O,63,1,-5.7,-6.4,155,431,3.1,3.1
MMSE items predict cognitive decline in persons with genetic risk for Alzheimer's disease,Ercoli et al. (2003),2003,71,Spatial Long Term Memory,1,O,65.6,1,19.4,20.2,23,31,5.5,7.3
MMSE items predict cognitive decline in persons with genetic risk for Alzheimer's disease,Ercoli et al. (2003),2003,71,Spatial Long Term Memory,1,O,65.6,1,-4.1,-4.9,23,31,2.4,3.4
MMSE items predict cognitive decline in persons with genetic risk for Alzheimer's disease,Ercoli et al. (2003),2003,71,Construction,1,O,65.6,1,34.3,34.1,23,31,2.1,2.8
"n-3 Fatty acid erythrocyte membrane content, APOE epsilon 4, and cognitive variation: an observational follow-up study in late adulthood",Whalley et al. (2008),2008,72,Construction,1,O,64.33274336,1,25.5,24.7,36,70,8.7,8.7
Neuropsychological function and apolipoprotein E genotype in the preclinical detection of Alzheimer’s disease,Bondi et al (1999),1999,73,Construction,1,O,69.5,1,40.3,42.8,43,90,10.7,11.4
Neuropsychological function and apolipoprotein E genotype in the preclinical detection of Alzheimer’s disease,Bondi et al (1999),1999,73,Spatial Working Memory ,1,O,69.5,1,11.6,12.1,43,90,3.2,4.3
Neuropsychological function and apolipoprotein E genotype in the preclinical detection of Alzheimer’s disease,Bondi et al (1999),1999,73,Spatial Long Term Memory,1,O,69.5,1,7.4,8.8,43,90,3.8,4.6
Oscillatory hyperactivity and hyperconnectivity in young APOE-epsilon 4 carriers and hypoconnectivity in Alzheimer's disease,Koelewijn et al. (2019),2019,74,Spatial Long Term Memory,0,Y,24.52075472,0,28.3,27.8,48,100,5.5,5.1
Patterns of Brain Activation in People at Risk for Alzheimer's Disease,Bookheimer et al (2000),2000,75,Spatial Long Term Memory,1,O,62.5,1,-4.3,-3.5,16,14,2.4,2.6
Presence of the APOE ε4 allele modifies the relationship between type 2 diabetes and cognitive performance: The Maine-Syracuse Study,Dore et al. (2009),2009,76,Composite,1,O,66,1,-0.106,-0.154,213,613,0.628,1.486
Recognition memory is associated with altered resting-state functional connectivity in people at genetic risk for alzheimer's disease,Matura et al (2014),2014,77,Spatial Long Term Memory,1,O,65.9,1,21.17,25.05,20,43,6.5,6.6
Recognition memory is associated with altered resting-state functional connectivity in people at genetic risk for alzheimer's disease,Matura et al (2014),2014,77,Spatial Long Term Memory,1,O,65.9,1,11.4,11.4,20,43,2.2,2.2
Recognition memory is associated with altered resting-state functional connectivity in people at genetic risk for alzheimer's disease,Matura et al (2014),2014,77,Construction,1,O,65.9,1,10.6,10.77,20,43,0.6,0.6
Recognition memory is associated with altered resting-state functional connectivity in people at genetic risk for alzheimer's disease,Matura et al (2014),2014,77,Spatial Working Memory,1,O,65.9,1,15.16,16.16,20,43,2.3,2.5
Reduced cortical thickness in hippocampal subregions among cognitively normal apolipoprotein E e4 carriers,Burggren et al (2008),2008,78,Spatial Long Term Memory,1,M,57.5,1,-4.4,-3.3,14,16,3.3,1.5
Reduced grid-cell-like representations in adults at genetic risk for Alzheimer's disease,Kunz et al (2015),2015,79,Spatial Navigation,0,Y,22.5,0,0.765,0.76,38,37,0.023,0.02
Reduced hippocampal activity during encoding in cognitively normal adults carrying the APOE ɛ4 allele,Adamson et al (2011),2011,80,Spatial Long Term Memory,1,O,63.8,1,0.64,0.72,10,11,0.26,0.31
Reduced hippocampal activity during encoding in cognitively normal adults carrying the APOE ɛ4 allele,Adamson et al (2011),2011,80,Spatial Long Term Memory,1,O,63.8,1,1.17,1.24,10,11,0.37,0.26
Reduced Hippocampal Volume in Healthy Young ApoE4 Carriers: An MRI Study,O'Dwyer et al (2012),2012,81,Spatial Working Memory ,0,Y,26.8,0,19.36,19.14,22,22,2.82,1.98
Reduced Hippocampal Volume in Healthy Young ApoE4 Carriers: An MRI Study,O'Dwyer et al (2012),2012,81,Spatial Long Term Memory,0,Y,26.8,0,32,32.67,22,22,3.61,3.47
"Sex, but not Apolipoprotein E Polymorphism, Differences in Spatial Performance in Young Adults",Yasen et al (2015),2015,82,Spatial Navigation,0,Y,18.9,0,87,81.8,40,111,22.13594362,31.39624818
Slower speed-of-processing of cognitive tasks is associated with presence of the apolipoprotein ε4 allele,O'Hara et al. (2008),2008,83,Spatial Reasoning,1,O,74.6,1,1513.4,1497.8,18,33,319.9,645.4
Specific patterns of whole-brain structural covariance of the anterior and posterior hippocampus in young APOE ε4 carriers,Stening et al. (2017),2017,84,Composite,0,Y,23.9,0,0.46,0.77,11,37,0.65,0.61
Specific patterns of whole-brain structural covariance of the anterior and posterior hippocampus in young APOE ε4 carriers,Stening et al. (2017),2017,84,Composite,0,Y,24.5,0,-0.83,-0.36,18,31,0.44,0.54
Structural and functional neural correlates of visuospatial information processing in normal aging and amnestic mild cognitive impairment,Alichniewicz et al (2012),2012,85,Spatial Long Term Memory,1,M,61.5025,1,0.44,0.89,7,13,0.62,0.7
Structural and functional neural correlates of visuospatial information processing in normal aging and amnestic mild cognitive impairment,Alichniewicz et al (2012),2012,85,Construction,1,M,61.5025,1,0.39,0.84,7,13,0.45,0.29
Temporal lobe functional activity and connectivity in young adult APOE e4 carriers ,Dennis et al (2010),2010,86,Spatial Working Memory ,0,Y,21.3,0,7.2,7.3,12,12,1.5,1.3
Temporal lobe functional activity and connectivity in young adult APOE e4 carriers ,Dennis et al (2010),2010,86,Spatial Working Memory ,0,Y,21.3,0,87.9,84.6,12,12,10.5,10.3
The APOE ε4 allele increases the risk of impaired spatial working memory in obstructive sleep apnea,Cosentino et al. (2008),2008,87,Spatial Working Memory,1,O,62.9,1,3.1,3.4,10,10,1,1
The APOE ε4 allele is associated with decline on delayed recall performance in community-dwelling older adults,O'Hara et al. (1998),1998,88,Spatial Long Term Memory,1,O,74,1,6.09,6.55,22,61,1.41,1.62
The apolipoprotein E gene and its age-specific effects on cognitive function,Liu et al (2010),2010,89,Construction,1,M,NA,1,34.93,35.65,413,709,15.75,14.91
The apolipoprotein E gene and its age-specific effects on cognitive function,Liu et al (2010),2010,89,Construction,1,O,NA,1,19.39,18.7,388,633,9.63,9.31
The association of apolipoprotein E polymorphism with memory: a population based study,Helkala et al (1995),1995,90,Spatial Working Memory ,1,O,73.9,1,8.9,9.1,278,634,3.2,3.1
The association of apolipoprotein E polymorphism with memory: a population based study,Helkala et al (1995),1995,90,Spatial Long Term Memory,1,O,73.9,1,5.9,6.1,278,634,3.7,3.5
The association of apolipoprotein E polymorphism with memory: a population based study,Helkala et al (1995),1995,90,Construction,1,O,73.9,1,15.6,15.6,278,634,2.1,2
"The associations of the BDNF and APOE polymorphisms, hippocampal subfield volumes, and episodic memory performance across the lifespan",Malykhin et al. (2020),2020,91,Spatial Long Term Memory,0,Y,32.8,0,234,231.8,12,48,28.3,30.1
"The associations of the BDNF and APOE polymorphisms, hippocampal subfield volumes, and episodic memory performance across the lifespan",Malykhin et al. (2020),2020,91,Spatial Working Memory,0,Y,32.8,0,48.8,46.3,12,48,5.2,7.9
"The associations of the BDNF and APOE polymorphisms, hippocampal subfield volumes, and episodic memory performance across the lifespan",Malykhin et al. (2020),2020,91,Spatial Long Term Memory,1,O,66.5,1,163.8,175.1,11,36,16.5,21.6
"The associations of the BDNF and APOE polymorphisms, hippocampal subfield volumes, and episodic memory performance across the lifespan",Malykhin et al. (2020),2020,91,Spatial Working Memory,1,O,66.5,1,31.1,34.9,11,36,7.1,7
The Combined Effect of APOE and BDNF Val66Met Polymorphisms on Spatial Navigation in Older Adults,Laczo et al. (2020),2020,92,Composite,1,O,66.67549296,1,0.154482759,-0.058571429,29,42,0.694128817,0.920912591
The Combined Effect of APOE and BDNF Val66Met Polymorphisms on Spatial Navigation in Older Adults,Laczo et al. (2020),2020,92,Spatial Long Term Memory,1,O,66.67549296,1,-0.098275862,0.149285714,29,42,0.967292901,1.041328478
The Combined Effect of APOE and BDNF Val66Met Polymorphisms on Spatial Navigation in Older Adults,Laczo et al. (2020),2020,92,Spatial Navigation,1,O,66.67549296,1,42.88793103,27.09285714,29,42,32.20670117,16.1495438
The Combined Effect of APOE and BDNF Val66Met Polymorphisms on Spatial Navigation in Older Adults,Laczo et al. (2020),2020,92,Spatial Navigation,1,O,66.67549296,1,76.44931034,67.02928571,29,42,38.12522423,30.11811656
The Combined Effect of APOE and BDNF Val66Met Polymorphisms on Spatial Navigation in Older Adults,Laczo et al. (2020),2020,92,Spatial Navigation,1,O,66.67549296,1,86.40448276,74.41214286,29,42,55.3229837,43.21275327
The contribution of apolipoprotein E alleles on cognitive performance and dynamic neural activity over six decades,Alexander et al. (2007),2007,93,Spatial Navigation,1,M,NA,1,-9.96,-9,20,69,5.679612663,7.559027715
The contribution of apolipoprotein E alleles on cognitive performance and dynamic neural activity over six decades,Alexander et al. (2007),2007,93,Spatial Navigation,1,O,NA,1,-6.38,-7.22,13,34,7.247158064,9.621070626
The contribution of apolipoprotein E alleles on cognitive performance and dynamic neural activity over six decades,Alexander et al. (2007),2007,93,Spatial Navigation,0,Y,NA,0,-10.47,-8.69,26,78,4.793078343,5.652326954
The effect of apolipoprotein E ε4 (APOE ε4) on visuospatial working memory in healthy elderly and amnestic mild cognitive impairment patients: An event-related potentials study,Gu et al (2017),2017,94,Spatial Working Memory,1,O,70.2,1,0.78,0.83,18,25,0.09,0.1
The Effects of Prolonged Stress and APOE Genotype on Memory and Cortisol in Older Adults,Peavy et al (2007),2007,95,Spatial Long Term Memory,1,O,NA,1,7.29,10.02,29,55,4.3,3.95
The interaction of APOE genotype by age in amnestic mild cognitive impairment: a voxel-based morphometric study,Chen et al (2015),2015,96,Spatial Long Term Memory,1,O,NA,1,18.6,18.6,38,62,4.7,5.9
The relationship of APOE genotype to neuropsychological performance in long-term cancer survivors treated with standard dose chemotherapy,Ahles et al (2003),2003,97,Spatial Long Term Memory,1,M,55.9,1,25.1,27.2,17,63,11.2,9.3
The relationship of APOE genotype to neuropsychological performance in long-term cancer survivors treated with standard dose chemotherapy,Ahles et al (2003),2003,97,Construction,1,M,55.9,1,10.2,10.8,17,63,3.1,2.6
The relationship of APOE genotype to neuropsychological performance in long-term cancer survivors treated with standard dose chemotherapy,Ahles et al (2003),2003,97,Spatial Working Memory,1,M,55.9,1,31.6,34.2,17,63,6.8,4.4
The role of physical fitness in cognitive-related biomarkers in persons at genetic risk of familial alzheimer’s disease,Tsai et al (2019),2019,98,Spatial Working Memory,1,M,53.565,1,0.66,0.7719,16,16,0.17166,0.10647
The role of physical fitness in cognitive-related biomarkers in persons at genetic risk of familial alzheimer’s disease,Tsai et al (2019),2019,98,Spatial Working Memory,1,M,53.565,1,0.9325,0.9038,16,16,0.07113,0.12463
The TT allele of rs405509 synergizes with APOE ε4 in the impairment of cognition and its underlying default mode network in non-demented elderly,Ma et al. (2016),2016,99,Spatial Long Term Memory,1,O,64.2,1,10.57,12.03,41,59,7.28,6.27
Three-year changes in cognitive performance as a function of apolipoprotein E genotype: Evidence from very old adults without dementia,Small et al (1998),1998,100,Visuoperceptual Function,1,O,81.6,1,13.72,13.7,20,54,0.72,0.69
Three-year changes in cognitive performance as a function of apolipoprotein E genotype: Evidence from very old adults without dementia,Small et al (1998),1998,100,Construction,1,O,81.6,1,15.05,15.24,20,54,4.02,4.79
Toward personalized cognitive diagnostics of at-genetic-risk Alzheimer's disease,Coughlan et al (2019),2019,101,Spatial Navigation,1,O,62.4,1,4.612,4.723,31,29,1.542,1.162
Toward personalized cognitive diagnostics of at-genetic-risk Alzheimer's disease,Coughlan et al (2019),2019,101,Spatial Long Term Memory,1,O,62.4,1,18.5,20.8,31,29,5.39,6.59
Tract Based Spatial Statistic Reveals No Differences in White Matter Microstructural Organization between Carriers and Non-Carriers of the APOE ɛ4 and ɛ2 Alleles in Young Healthy Adolescents,Dell'Acqua et al (2015),2015,102,Construction,NA,C,14,NA,52.39,51.97,119,427,8.4,7.92
Tract Based Spatial Statistic Reveals No Differences in White Matter Microstructural Organization between Carriers and Non-Carriers of the APOE ɛ4 and ɛ2 Alleles in Young Healthy Adolescents,Dell'Acqua et al (2015),2015,102,Spatial Reasoning,NA,C,14,NA,27.34,27.13,119,427,3.76,3.71
Translational spatial task and its relationship to HIV-associated neurocognitive disorders and apolipoprotein E in HIV-seropositive women,Morales et al (2012),2012,103,Spatial Navigation,1,M,41.4,1,90.5,79,6,10,5,9
Unmasking selective path integration deficits in Alzheimer's disease risk carriers,Bierbrauer et al (2020),2020,104,Spatial Navigation,0,Y,24.32202454,0,3241.812,3126.0559,35,128,817.93568,779.2665
Unmasking selective path integration deficits in Alzheimer's disease risk carriers,Bierbrauer et al (2020),2020,104,Spatial Navigation,0,Y,24.32202454,0,2348.5036,2459.5339,35,128,681.90962,666.23676
Unmasking selective path integration deficits in Alzheimer's disease risk carriers,Bierbrauer et al (2020),2020,104,Spatial Navigation,0,Y,24.32202454,0,1980.5289,2081.8199,35,128,648.76517,642.19927
Unmasking selective path integration deficits in Alzheimer's disease risk carriers,Bierbrauer et al (2020),2020,104,Spatial Navigation,1,O,58.71153846,1,3852.3091,3692.7781,30,74,925.04743,793.78514
Unmasking selective path integration deficits in Alzheimer's disease risk carriers,Bierbrauer et al (2020),2020,104,Spatial Navigation,1,O,58.71153846,1,3189.2173,3255.6434,30,74,493.66322,616.42483
Unmasking selective path integration deficits in Alzheimer's disease risk carriers,Bierbrauer et al (2020),2020,104,Spatial Navigation,1,O,58.71153846,1,3035.9988,3267.0212,30,74,482.77199,794.0547
Unpublished,Peavy,,105,Construction,1,O,78.50704918,1,16,15.84,18,43,0.907,1.09
Unpublished,Peavy,,105,Construction,1,O,78.50704918,1,41.73,42.57,11,14,6.754,9.733
Unpublished,Peavy,,105,Spatial Long Term Memory,1,O,78.50704918,1,9.76,10.6,17,43,3.683,3.768
Unpublished,Peavy,,105,Spatial Working Memory,1,O,78.50704918,1,12.18,12.4,17,43,2.506,2.665
"Vitamin C supplementation, APOE4 genotype and cognitive functioning in a rural-dwelling cohort",Chaudhari et al (2016),2016,106,Composite ,1,MO,61.3,1,29.8,29,124,396,5.9,6.1
White matter is altered with parental family history of Alzheimer's disease,Bendlin et al. (2010),2010,107,Spatial Long Term Memory,1,M,57.4,1,11.2,10.8,21,40,1.3,1.4
Women at risk for AD show increased parietal activation during a fluency task,Smith et al (2002),2002,108,Construction,1,M,53,1,10.9,11.6,21,17,3.4,3
,Caselli Studies,,109,Construction,0,Y,34.0456,0,34.97115385,35.21875,52,48,1.738867847,1.375725147
,Caselli Studies,,109,Spatial Long Term Memory,0,Y,34.0456,0,19.25,22.23958333,52,48,6.727540704,7.092091477
,Caselli Studies,,109,Construction,0,Y,34.1480198,0,11.67924528,11.875,53,48,3.124183493,2.589873898
,Caselli Studies,,109,Spatial Long Term Memory,0,Y,34.1480198,0,7.716981132,8.4375,53,48,1.459417145,1.366876389
,Caselli Studies,,109,Spatial Reasoning,0,Y,34.1480198,0,25.01886792,26,53,48,3.65582026,2.895337411
,Caselli Studies,,109,Construction,1,M,55.89530909,1,11.78813559,11.7388535,236,314,2.422770332,2.509143654
,Caselli Studies,,109,Spatial Reasoning,1,M,55.91658849,1,25.02564103,24.75547445,195,274,3.703489435,3.66680825
,Caselli Studies,,109,Spatial Long Term Memory,1,M,55.98090741,1,7.090128755,7.156351792,233,307,1.894988054,1.835110648
,Caselli Studies,,109,Construction,1,M,55.9820841,1,34.45106383,34.50801282,235,312,2.400754185,2.243052846
,Caselli Studies,,109,Spatial Long Term Memory,1,M,56.00073394,1,18.19313305,18.71153846,233,312,6.224883676,6.473427868
,Caselli Studies,,109,Construction,1,O,70.11050228,1,12.05434783,12.5984252,92,127,2.433123667,2.895699719
,Caselli Studies,,109,Spatial Long Term Memory,1,O,70.11050228,1,5.826086957,6.181102362,92,127,1.837393613,2.194572391
,Caselli Studies,,109,Spatial Long Term Memory,1,O,70.1262037,1,16.02808989,17.15354331,89,127,6.073114911,69.64
,Caselli Studies,,109,Spatial Reasoning,1,O,70.13,1,24.41304348,24.22222222,92,126,3.86062733,4.139350459
,Caselli Studies,,109,Construction,1,O,70.13354839,1,34.02222222,33.87795276,90,127,2.945107456,2.676111648