study no.,Authors,Year,Publication,Media type,N Analyses,Sample size,Race,SES,Age range,Age range 2,Mean age,SD Age,% female,% male,Media measurement used,scale of measurement,continuous/ categorical,Effect Measurement used,scale of measurement,continuous/ categorical,Data collected from,Methodology,Design,Significence,Group 1 (M),Group 1 (SD),Group 1 (N),Type,Measure,Pooled s²,t,F,d,r ,SE of R,Significance,Group 2 (M),Group 2 (SD),Group 2 (N),Group 2 ID,Group 2(r ),SE of R,Group 3 (M),Group 3 (SD),Group 3 (N),Group 3 (r ),SE of R,Group 3 ID,Crude r,
1,Becker-Blease et al.,2008,Journal of Trauma and Dissociation,News,1915,2030,"White (75%), US",Middle/upper class,2-17 yrs,15,NR,NR,50,50,Media exposure frequency,0-20 +,continuous,Worry,"0-2 (not at all, a little, a lot)",continuous,Both,Questionnaire,"Number of times saw news stories on TV (categorical 0-20+), worry (1-3, not at all to a lot)",***,2.27,0.68,1915,Self report,Worry,,,,,0.15,0.023,***,1.83,0.68,1915,kidnapping exposure: worry,0.38,0.02,1.66,0.64,1915,0.18,0.02,sniper exposure:worry,,
1,Becker-Blease et al.,2008,Journal of Trauma and Dissociation,News,1915,2030,"White (75%), US",Middle/upper class,2-17 yrs,15,NR,NR,50,50,Media exposure frequency,0-20 +,continuous,Change in activity,"0-2 (not at all, a little, a lot)",continuous,Both,Questionnaire,"Number of times saw news stories on TV (categorical 0-20+), worry (1-3, not at all to a lot)",see asterisks,,,,Self report,Change in Activity,,,,,0.02,0.023,***,,,1915,kidnapping exposure: change in activity,0.34,0.02,,,,0.15,0.02,sniper exposure: change in activity,,
1,Becker-Blease et al.,2008,Journal of Trauma and Dissociation,News,1915,2030,"White (75%), US",Middle/upper class,2-17 yrs,15,NR,NR,50,50,Media exposure frequency,0-20 +,continuous,Worry,"0-2 (not at all, a little, a lot)",continuous,Both,Questionnaire,"Number of times saw news stories on TV (categorical 0-20+), worry (1-3, not at all to a lot)",***,2.27,0.68,1915,Self report,Worry,0.38,kidnapping exposure: worry,0.38,kidnapping exposure: worry,0.38,0.021,***,1.83,0.68,1915,kidnapping exposure: worry,0.38,0.02,1.66,0.64,1915,0.18,0.02,sniper exposure:worry,,
1,Becker-Blease et al.,2008,Journal of Trauma and Dissociation,News,1915,2030,"White (75%), US",Middle/upper class,2-17 yrs,15,NR,NR,50,50,Media exposure frequency,0-20 +,continuous,Change in activity,"0-2 (not at all, a little, a lot)",continuous,Both,Questionnaire,"Number of times saw news stories on TV (categorical 0-20+), worry (1-3, not at all to a lot)",see asterisks,,,,Self report,Change in Activity,0.34,kidnapping exposure: change in activity,0.34,kidnapping exposure: change in activity,0.34,0.022,***,,,1915,kidnapping exposure: change in activity,0.34,0.02,,,,0.15,0.02,sniper exposure: change in activity,,
1,Becker-Blease et al.,2008,Journal of Trauma and Dissociation,News,1915,2030,"White (75%), US",Middle/upper class,2-17 yrs,15,NR,NR,50,50,Media exposure frequency,0-20 +,continuous,Worry,"0-2 (not at all, a little, a lot)",continuous,Both,Questionnaire,"Number of times saw news stories on TV (categorical 0-20+), worry (1-3, not at all to a lot)",***,2.27,0.68,1915,Self report,Worry,0.38,kidnapping exposure: worry,0.38,kidnapping exposure: worry,0.18,0.022,***,1.83,0.68,1915,kidnapping exposure: worry,0.38,0.02,1.66,0.64,1915,0.18,0.02,sniper exposure:worry,,
1,Becker-Blease et al.,2008,Journal of Trauma and Dissociation,News,1915,2030,"White (75%), US",Middle/upper class,2-17 yrs,15,NR,NR,50,50,Media exposure frequency,0-20 +,continuous,Change in activity,"0-2 (not at all, a little, a lot)",continuous,Both,Questionnaire,"Number of times saw news stories on TV (categorical 0-20+), worry (1-3, not at all to a lot)",see asterisks,,,,Self report,Change in Activity,0.34,kidnapping exposure: change in activity,0.34,kidnapping exposure: change in activity,0.15,0.023,***,,,1915,kidnapping exposure: change in activity,0.34,0.02,,,,0.15,0.02,sniper exposure: change in activity,,
2,Braun-Lewensohn et al.,2009,Journal of Youth and Adolescence,News,913,913,Israeli,"53% average, 23% low",12-18 yrs,6,14.45,1.27,51,49,Media exposure,yes/no,categorical,Post traumatic stress symptoms,16 item scale (yes/no qs) vased on DSM IV criteria,continuous,Child,Questionnaire,Only 1 q on whether exposed via media (yes/no),<.001,,,913,Self report,PTSD,,,,,0.14,0.033,,,,,,,,,,,,,,,
2,Braun-Lewensohn et al.,2009,Journal of Youth and Adolescence,News,913,913,Israeli,"53% average, 23% low",12-18 yrs,6,14.45,1.27,51,49,Media exposure,yes/no,categorical,Behavioural/ emotional problems,General severity index of brief symptom inventory,continuous,Child,Questionnaire,Only 1 q on whether exposed via media (yes/no),ns,,,913,Self report,Beh/Emotional,,,,,0.05,0.033,,,,,,,,,,,,,,,
2,Braun-Lewensohn et al.,2009,Journal of Youth and Adolescence,News,913,913,Israeli,"53% average, 23% low",12-18 yrs,6,14.45,1.27,51,49,Media exposure,yes/no,categorical,Psychological/ psychiatric problems,Total problem scale of youth report,continuous,Child,Questionnaire,Only 1 q on whether exposed via media (yes/no),ns,,,913,Self report,Psychological,,,,,-0.05,0.033,,,,,,,,,,,,,,,
3,Buijzen et al.,2007,Communication research,News,451,451,"White (78%), Netherlands",not reported,8-12 yrs,4,NR,NR,51.7,48.3,Media exposure frequency,"4 qs on 4 point scale (never - very often), averaged",continuous,Fear,4 point scale (not at - very often),continuous,Child,Questionnaire,"Exposure to violent news and feelings of fear, worry, anger, and sadness",<.001,,,451,Self report,Fear,,,,,0.3162,0.045,,,,,,,,,,,,,,,
3,Buijzen et al.,2008,Communication research,News,451,451,"White (78%), Netherlands",not reported,8-12 yrs,4,NR,NR,51.7,48.3,Media exposure frequency,"4 qs on 4 point scale (never - very often), averaged",continuous,Worry,4 point scale (not at - very often),continuous,Child,Questionnaire,"Exposure to violent news and feelings of fear, worry, anger, and sadness",<.001,,,451,Self report,Worry,,,,,0.2449,0.046,,,,,,,,,,,,,,,
3,"Buijzen, Walma van der Molen and Sondij",2010,Communication research,News,451,451,"White (78%), Netherlands",not reported,8-12 yrs,,Not reported,,51.7,48.3,Media exposure frequency,"4 qs on 4 point scale (never - very often), averaged",continuous,Sadness,4 point scale (not at - very often),continuous,child,Questionnaire,"Exposure to violent news and feelings of fear, worry, anger, and sadness",<.001,,,451,,Sadness,,,,,0.2449,0.046,,,,,,,,,,,,,,,
5,Comer et al.,2008,Journal of Consulting and Clinical Psychology,News,90,90,48% white (US),Middle - upper class,7-13 yrs,6,10.8,2,47.8,52.2,Clip of news,before/ after,categorical,Societal terror threat,0-6 likert scale (will definitely not happen - will definitely happen),continuous,Child,Questionnaire,"Watched a clip about terrorism, anxiety measures pre and post clip and post discussion",,2.9,2,30,Self report,Worry,,,,0,0,0.19,,2.9,1.7,30,after clip: societal terror (CML),,,,,,,,,,
4,Comer et al.,2008,Journal of Consulting and Clinical Psychology,News,90,90,48% white (US),Middle - upper class,7-13 yrs,6,10.8,2,47.8,52.2,Clip of news,before/ after,categorical,personal terror threat,0-6 likert scale (will definitely not happen - will definitely happen),continuous,Child,Questionnaire,"Watched a clip about terrorism, anxiety measures pre and post clip and post discussion",,1.5,1.6,30,Self report,Worry,,,,0.25,0.12,0.19,,1.9,1.7,30,after clip: personal terror (CML),,,,,,,,,,
4,Comer et al.,2008,Journal of Consulting and Clinical Psychology,News,90,90,48% white (US),Middle - upper class,7-13 yrs,6,10.8,2,47.8,52.2,Clip of news,before/ after,categorical,societal hurricane threat,0-6 likert scale (will definitely not happen - will definitely happen),continuous,Child,Questionnaire,"Watched a clip about terrorism, anxiety measures pre and post clip and post discussion",,2.8,1.9,30,Self report,Worry,,,,0.11,0.05,0.19,,3,1.7,30,after clip: societal hurricane (CML),,,,,,,,,,
4,Comer et al.,2008,Journal of Consulting and Clinical Psychology,News,90,90,48% white (US),Middle - upper class,7-13 yrs,6,10.8,2,47.8,52.2,Clip of news,before/ after,categorical,personal terror threat,0-6 likert scale (will definitely not happen - will definitely happen),continuous,Child,Questionnaire,"Watched a clip about terrorism, anxiety measures pre and post clip and post discussion",,1.4,1.3,30,Self report,Worry,,,,0.31,0.15,0.19,,1.8,1.3,30,after clip: personal hurricane (CML),,,,,,,,,,
4,Comer et al.,2008,Journal of Consulting and Clinical Psychology,News,90,90,48% white (US),Middle - upper class,7-13 yrs,6,10.8,2,47.8,52.2,Clip of news,before/ after,categorical,Child state anxiety,"summed scores, range of 20-80",continuous,Child,Questionnaire,"Watched a clip about terrorism, anxiety measures pre and post clip and post discussion",,29.1,4.9,30,Self report,Anxiety,,,,0.55,0.27,0.18,,31.8,7.9,30,after clip: state anxiety (CML),,,,,,,,,,
4,Comer et al.,2008,Journal of Consulting and Clinical Psychology,News,90,90,48% white (US),Middle - upper class,7-13 yrs,6,10.8,2,47.8,52.2,Clip of news,before/ after,categorical,Societal terror threat,0-6 likert scale (will definitely not happen - will definitely happen),continuous,Child,Questionnaire,"Watched a clip about terrorism, anxiety measures pre and post clip and post discussion",,3.1,1.9,30,Self report,Worry,,,,0.58,0.28,0.18,,4.2,1.8,30,after clip: societal terror (DAU),,,,,,,,,,
4,Comer et al.,2008,Journal of Consulting and Clinical Psychology,News,90,90,48% white (US),Middle - upper class,7-13 yrs,6,10.8,2,47.8,52.2,Clip of news,before/ after,categorical,personal terror threat,0-6 likert scale (will definitely not happen - will definitely happen),continuous,Child,Questionnaire,"Watched a clip about terrorism, anxiety measures pre and post clip and post discussion",,1.3,1.3,30,Self report,Worry,,,,1.31,0.55,0.16,,3,1.8,30,after clip: personal terror (DAU),,,,,,,,,,
4,Comer et al.,2008,Journal of Consulting and Clinical Psychology,News,90,90,48% white (US),Middle - upper class,7-13 yrs,6,10.8,2,47.8,52.2,Clip of news,before/ after,categorical,societal hurricane threat,0-6 likert scale (will definitely not happen - will definitely happen),continuous,Child,Questionnaire,"Watched a clip about terrorism, anxiety measures pre and post clip and post discussion",,3.1,1.9,30,Self report,Worry,,,,0.26,0.13,0.19,,3.6,1.7,30,after clip: societal hurricane (DAU),,,,,,,,,,
4,Comer et al.,2008,Journal of Consulting and Clinical Psychology,News,90,90,48% white (US),Middle - upper class,7-13 yrs,6,10.8,2,47.8,52.2,Clip of news,before/ after,categorical,personal terror threat,0-6 likert scale (will definitely not happen - will definitely happen),continuous,Child,Questionnaire,"Watched a clip about terrorism, anxiety measures pre and post clip and post discussion",,1.2,1.3,30,Self report,Worry,,,,0.77,0.36,0.18,,2.2,1.4,30,after clip: personal hurricane (DAU),,,,,,,,,,
4,Comer et al.,2008,Journal of Consulting and Clinical Psychology,News,90,90,48% white (US),Middle - upper class,7-13 yrs,6,10.8,2,47.8,52.2,Clip of news,before/ after,categorical,Child state anxiety,"summed scores, range of 20-80",continuous,Child,Questionnaire,"Watched a clip about terrorism, anxiety measures pre and post clip and post discussion",,27,4.2,30,Self report,Anxiety,,,,1.36,0.56,0.16,,32.7,8.7,30,after clip: state anxiety (DAU),,,,,,,,,,
4,Comer et al.,2008,Journal of Consulting and Clinical Psychology,News,90,90,48% white (US),Middle - upper class,7-13 yrs,6,10.8,2,47.8,52.2,Clip of news,before/ after,categorical,Societal terror threat,0-6 likert scale (will definitely not happen - will definitely happen),continuous,Child,Questionnaire,"Watched a clip about terrorism, anxiety measures pre and post clip and post discussion",,2.5,1.8,30,Self report,Worry,,,,0.22,0.11,0.19,,2.9,1.7,30,after clip: societal terror (CML ND),,,,,,,,,,
4,Comer et al.,2008,Journal of Consulting and Clinical Psychology,News,90,90,48% white (US),Middle - upper class,7-13 yrs,6,10.8,2,47.8,52.2,Clip of news,before/ after,categorical,personal terror threat,0-6 likert scale (will definitely not happen - will definitely happen),continuous,Child,Questionnaire,"Watched a clip about terrorism, anxiety measures pre and post clip and post discussion",,1.1,1.5,30,Self report,Worry,,,,0.6,0.29,0.18,,2,1.9,30,after clip: personal terror (CML ND),,,,,,,,,,
4,Comer et al.,2008,Journal of Consulting and Clinical Psychology,News,90,90,48% white (US),Middle - upper class,7-13 yrs,6,10.8,2,47.8,52.2,Clip of news,before/ after,categorical,societal hurricane threat,0-6 likert scale (will definitely not happen - will definitely happen),continuous,Child,Questionnaire,"Watched a clip about terrorism, anxiety measures pre and post clip and post discussion",,2.4,2.1,30,Self report,Worry,,,,0,0,0.19,,2.4,1.9,30,after clip: societal hurricane (CML ND),,,,,,,,,,
4,Comer et al.,2008,Journal of Consulting and Clinical Psychology,News,90,90,48% white (US),Middle - upper class,7-13 yrs,6,10.8,2,47.8,52.2,Clip of news,before/ after,categorical,personal terror threat,0-6 likert scale (will definitely not happen - will definitely happen),continuous,Child,Questionnaire,"Watched a clip about terrorism, anxiety measures pre and post clip and post discussion",,1,1.5,30,Self report,Worry,,,,0.67,0.32,0.18,,2,1.8,30,after clip: personal hurricane (CML ND),,,,,,,,,,
4,Comer et al.,2008,Journal of Consulting and Clinical Psychology,News,90,90,48% white (US),Middle - upper class,7-13 yrs,6,10.8,2,47.8,52.2,Clip of news,before/ after,categorical,Child state anxiety,"summed scores, range of 20-80",continuous,Child,Questionnaire,"Watched a clip about terrorism, anxiety measures pre and post clip and post discussion",,28.5,3.6,30,Self report,Anxiety,,,,1.03,0.46,0.17,,32.2,7.3,30,after clip: state anxiety (CML ND),,,,,,,,,,
4,Comer et al.,2008,Journal of Consulting and Clinical Psychology,News,90,90,48% white (US),Middle - upper class,7-13 yrs,6,10.8,2,47.8,52.2,Clip of news,before/ after,categorical,Societal terror threat,0-6 likert scale (will definitely not happen - will definitely happen),continuous,Child,Questionnaire,"Watched a clip about terrorism, anxiety measures pre and post clip and post discussion",,2.8,1.9,90,Self report,Worry,,,,0.26,0.13,0.11,,3.3,1.8,90,after clip: societal terror (All),,,,,,,,,,
4,Comer et al.,2008,Journal of Consulting and Clinical Psychology,News,90,90,48% white (US),Middle - upper class,7-13 yrs,6,10.8,2,47.8,52.2,Clip of news,before/ after,categorical,personal terror threat,0-6 likert scale (will definitely not happen - will definitely happen),continuous,Child,Questionnaire,"Watched a clip about terrorism, anxiety measures pre and post clip and post discussion",,1.3,1.4,90,Self report,Worry,,,,0.71,0.34,0.1,,2.3,1.8,90,after clip: personal terror (All),,,,,,,,,,
4,Comer et al.,2008,Journal of Consulting and Clinical Psychology,News,90,90,48% white (US),Middle - upper class,7-13 yrs,6,10.8,2,47.8,52.2,Clip of news,before/ after,categorical,societal hurricane threat,0-6 likert scale (will definitely not happen - will definitely happen),continuous,Child,Questionnaire,"Watched a clip about terrorism, anxiety measures pre and post clip and post discussion",,2.7,2,90,Self report,Worry,,,,0.15,0.07,0.11,,3,1.8,90,after clip: societal hurricane (All),,,,,,,,,,
4,Comer et al.,2008,Journal of Consulting and Clinical Psychology,News,90,90,48% white (US),Middle - upper class,7-13 yrs,6,10.8,2,47.8,52.2,Clip of news,before/ after,categorical,personal terror threat,0-6 likert scale (will definitely not happen - will definitely happen),continuous,Child,Questionnaire,"Watched a clip about terrorism, anxiety measures pre and post clip and post discussion",,1.2,1.3,90,Self report,Worry,,,,0.62,0.29,0.1,,2,1.5,90,after clip: personal hurricane (All),,,,,,,,,,
4,Comer et al.,2008,Journal of Consulting and Clinical Psychology,News,90,90,48% white (US),Middle - upper class,7-13 yrs,6,10.8,2,47.8,52.2,Clip of news,before/ after,categorical,Child state anxiety,"summed scores, range of 20-80",continuous,Child,Questionnaire,"Watched a clip about terrorism, anxiety measures pre and post clip and post discussion",,28.2,4.3,90,Self report,Anxiety,,,,0.93,0.42,0.1,,32.2,7.9,90,after clip: state anxiety (All),,,,,,,,,,
5,Fairbrother et al.,2003,AMBULATORY PEDIATRICS,News,434,434,"30% white, 37% black, 27% hispanic",Mixed,4-17 yrs,13,NR,NR,45,55,No. images seen on television in week following disaster,0-2 or 3+,categorical,post traumatic stress symptoms,UCLA Posttraumatic stress disorder reaction index - child version,continuous,Parent,Questionnaire,No. graphic images and PTSD symptoms,<.01,OR = 3.18,CI: (1.28 - 7.87),,Self report,PTSD,,,,,0.142857,0.05,,,,,,,,,,,,,,,
6,Gilissen et al. (a),2007,Journal of Experimental Child Psychology,Fiction,78,78,Dutch,NR,3-4 yrs,1,3.8,0.3,51.3,48.7,Neutral vs scary clip,,Categorical,Electrodermal activity,Skin conductance ,Continuous,Child,Experimental,Lab,<.01,1.81,3.8,78,Phsyiological,Phsyiological,,,7.55,,0.3,0.11,,0.3,3.53,78,SCL:neutral,,,,,,,,,,
6,Gilissen et al. (a),2008,Journal of Experimental Child Psychology,Fiction,78,78,Dutch,NR,3-4 yrs,1,3.8,0.3,51.3,48.7,Neutral vs scary clip,,categorical,heart rate variability,RMSSD,continuous,Child,Experimental,Lab,<.001,-5.06,11.55,78,Phsyiological,Phsyiological,,,20.089,,0.45,0.1,,0.66,12.69,78,RMSSD:neutral,,,,,,,,,,
6,Gilissen et al. (a),2008,Journal of Experimental Child Psychology,Fiction,92,92,Dutch,NR,7-8 yrs,1,7.4,0.3,53.3,46.7,Neutral vs scary clip,,Categorical,Electrodermal activity,Skin conductance ,Continuous,Child,Experimental,Lab,<.001,1.98,2.67,92,Phsyiological,Phsyiological,,,22.55,,0.45,0.09,,0.35,2.3,92,SCL:neutral,,,,,,,,,,
6,Gilissen et al. (a),2008,Journal of Experimental Child Psychology,Fiction,92,92,Dutch,NR,7-8 yrs,1,7.4,0.3,53.3,46.7,Neutral vs scary clip,,categorical,heart rate variability,RMSSD,continuous,Child,Experimental,Lab,<.001,-2.47,16.68,92,Phsyiological,Phsyiological,,,23.49,,0.45,0.09,,8.12,24.24,92,RMSSD:neutral,,,,,,,,,,
7,Gilissen et al. (b),2007,Developmental Psychobiology,Fiction,78,97,Dutch,NR,3-4 yrs,1,3.85,NR,51.28,48.72,Neutral vs scary clip,,categorical,heart rate variability,,Continuous,Child,Experimental,Lab,yes <.05,-4.21,13.63,78,Phsyiological,Phsyiological,,,6.27,,0.27,0.11,,0.5,11.12,,MSSD: neutral clip with parent,,,,,,,,,,
7,Gilissen et al. (b),2007,Developmental Psychobiology,Fiction,78,97,Dutch,NR,3-4 yrs,1,3.85,NR,51.28,48.72,Neutral vs scary clip,,categorical,Electrodermal activity,Ambulatory Monitoring System,Continuous,Child,Experimental,Lab,yes <.05,0.72,3.84,78,Phsyiological,Phsyiological,,,3.92,,0.22,0.11,,-0.19,3.16,,skin conductivity: neutral clip with parent,,,,,,,,,,
8,Lengua et al.,2005,Personality and Individual Differences,News,142,151,White US (69%),Mixed,9-13 yrs,4,10.93,1.01,53,47,media viewd in week of attack,1-4 scale (hardly any - a lot),continuous,Upset/ worry,1-4 scale (hardly - a lot),continuous,Parent,Questionnaire,"Measures indirect exposures, PTSD symptoms, level or worry",<.01,,,142,Self report,Worry,,,,,0.22,0.082444787,,,,,,,,,,,,,,,
8,Lengua et al.,2005,Personality and Individual Differences,News,142,151,White US (69%),Mixed,9-13 yrs,4,10.93,1.01,53,47,Media viewed in wk of interview,1-4 scale (hardly any - a lot),continuous,Upset/ worry,1-4 scale (hardly - a lot),continuous,Parent,Questionnaire,"Measures indirect exposures, PTSD symptoms, level or worry",<.01,,,142,Self report,Worry,,,,,0.24,0.082,,,,,,,,,,,,,,,
8,Lengua et al.,2005,Personality and Individual Differences,News,142,151,White US (69%),Mixed,9-13 yrs,4,10.93,1.01,53,47,Media viewed in wk of interview,1-4 scale (hardly any - a lot),continuous,Upset/ worry,1-4 scale (hardly - a lot),continuous,Child,Questionnaire,"Measures indirect exposures, PTSD symptoms, level or worry",<.001,,,142,Self report,Worry,,,,,0.39,0.078,,,,,,,,,,,,,,,
8,Lengua et al.,2005,Personality and Individual Differences,News,142,151,White US (69%),Mixed,9-13 yrs,4,10.93,1.01,53,47,media viewd in week of attack,1-4 scale (hardly any - a lot),continuous,PTS symptoms,17 item Child PTSD symptom scale,continuous,Parent,Questionnaire,"Measures indirect exposures, PTSD symptoms, level or worry",0.05,,,142,Self report,PTSD,,,,,-0.15,0.084,,,,,,,,,,,,,,,
8,Lengua et al.,2005,Personality and Individual Differences,News,142,151,White US (69%),Mixed,9-13 yrs,4,10.93,1.01,53,47,media viewd in week of attack,1-4 scale (hardly any - a lot),continuous,PTS symptoms,17 item Child PTSD symptom scale,continuous,Child,Questionnaire,"Measures indirect exposures, PTSD symptoms, level or worry",<.05,,,142,Self report,PTSD,,,,,-0.17,0.083,,,,,,,,,,,,,,,
9,Ortiz et al. ,2011,"Psychological Trauma: Theory, Research, Practice, and Policy",News,248,248,NR,NR,7-12 yrs,5,9.25,1.3,54.4,45.6,Type of weather report seen,neutral vs hurricane,categorical,State anxiety,State trait anxiety inventory for children,continuous,Child,Experimental,Children in a state with high number of hurricanes shown clip of neutral weather report or report of hurricane,<.01,42.39,7.18,185,Self report,Anxiety,64.62696504,2.933471413,"F(1,226) = 8.20",,0.18,0.06,,38.95,10.17,63,neutral cues: state anxiety,,,,,,,,,0.187117101,
10,Otto et al.,2007,J. Anxiety Disord,News,166,166,white US (91.6%),Middle class,7-15 yrs,8,11,3.1,53,47,Media exposure on 9/11,Likert scale (scale NR),continuous,PTSD symptoms,KSADS-E,continuous,,Questionnaire,Amount of TV viewing and PTSD symptoms,0.136,,,166,Self report,PTSD,,,,,0.12,0.078,,,,,,,,,,,,,,,
10,Otto et al.,2007,J. Anxiety Disord,News,166,166,white US (91.6%),Middle class,7-15 yrs,8,11,3.1,53,47,Media exposure in weeks following 9/11,Likert scale (scale NR),continuous,PTSD symptoms,KSADS-E,continuous,,Questionnaire,Amount of TV viewing and PTSD symptoms,0.545,,,166,Self report,PTSD,,,,,0.05,0.078,,,,,,,,,,,,,,,
10,Otto et al.,2007,J. Anxiety Disord,News,166,166,white US (91.6%),Middle class,7-15 yrs,8,11,3.1,53,47,Media exposure on 9/11,Likert scale (scale NR),continuous,Trauma related symptoms,Impact of events scale (IES-R),continuous,,Questionnaire,Amount of TV viewing and PTSD symptoms,0.03,,,166,Self report,PTSD,,,,,0.17,0.077,,,,,,,,,,,,,,,
10,Otto et al.,2007,J. Anxiety Disord,News,166,166,white US (91.6%),Middle class,7-15 yrs,8,11,3.1,53,47,Media exposure in weeks following 9/11,Likert scale (scale NR),continuous,Trauma related symptoms,Impact of events scale (IES-R),continuous,,Questionnaire,Amount of TV viewing and PTSD symptoms,0.103,,,166,Self report,PTSD,,,,,0.13,0.077,,,,,,,,,,,,,,,
11,Paavonen et al. (a),2006,J Sleep Res,Fiction,297,297,Finland,Mixed,5-6 yrs,1,NR,NR,NR,#VALUE!,Adult TV viewing,1-5 scale (never - every day),continuous,initiating/ maintaining sleep,1-5 scale ,continuous,Parent,Questionnaire,"Measures of sleep disturbances, TV viewing categorised into adult content? Not Fear",0.64,,,297,Self report,Sleep disorder,,,,,0.03,0.058,,,,,,,,,,,,,,,
11,Paavonen et al. (a),2006,J Sleep Res,Fiction,297,297,Finland,Mixed,5-6 yrs,1,NR,NR,NR,#VALUE!,Adult TV viewing,1-5 scale (never - every day),continuous,sleep breathing,1-5 scale ,continuous,Parent,Questionnaire,"Measures of sleep disturbances, TV viewing categorised into adult content? Not Fear",0.02,,,297,Self report,Sleep disorder,,,,,0.14,0.058,,,,,,,,,,,,,,,
11,Paavonen et al. (a),2006,J Sleep Res,Fiction,297,297,Finland,Mixed,5-6 yrs,1,NR,NR,NR,#VALUE!,Adult TV viewing,1-5 scale (never - every day),continuous,arousal,1-5 scale ,continuous,Parent,Questionnaire,"Measures of sleep disturbances, TV viewing categorised into adult content? Not Fear",0.01,,,297,Self report,Sleep disorder,,,,,0.15,0.058,,,,,,,,,,,,,,,
11,Paavonen et al. (a),2006,J Sleep Res,Fiction,297,297,Finland,Mixed,5-6 yrs,1,NR,NR,NR,#VALUE!,Adult TV viewing,1-5 scale (never - every day),continuous,sleep wake transition,1-5 scale ,continuous,Parent,Questionnaire,"Measures of sleep disturbances, TV viewing categorised into adult content? Not Fear",0.01,,,297,Self report,Sleep disorder,,,,,0.21,0.057,,,,,,,,,,,,,,,
11,Paavonen et al. (a),2006,J Sleep Res,Fiction,297,297,Finland,Mixed,5-6 yrs,1,NR,NR,NR,#VALUE!,Adult TV viewing,1-5 scale (never - every day),continuous,somnolence,1-5 scale ,continuous,Parent,Questionnaire,"Measures of sleep disturbances, TV viewing categorised into adult content? Not Fear",0.01,,,297,Self report,Sleep disorder,,,,,0.16,0.057,,,,,,,,,,,,,,,
11,Paavonen et al. (a),2006,J Sleep Res,Fiction,297,297,Finland,Mixed,5-6 yrs,1,NR,NR,NR,#VALUE!,Adult TV viewing,1-5 scale (never - every day),continuous,hyperhydrosis,1-5 scale ,continuous,Parent,Questionnaire,"Measures of sleep disturbances, TV viewing categorised into adult content? Not Fear",0.02,,,297,Self report,Sleep disorder,,,,,0.14,0.058,,,,,,,,,,,,,,,
11,Paavonen et al. (a),2006,J Sleep Res,Fiction,297,297,Finland,Mixed,5-6 yrs,1,NR,NR,NR,#VALUE!,Adult TV viewing,1-5 scale (never - every day),continuous,sleep problem severity score,1-5 scale ,continuous,Parent,Questionnaire,"Measures of sleep disturbances, TV viewing categorised into adult content? Not Fear",0.01,,,297,Self report,Sleep disorder,,,,,0.2,0.057,,,,,,,,,,,,,,,
12,Paavonen et al. (b),2009,"Child: care, health and development",Fiction,297,331,Finland,NR,5-6 yrs,1,NR,NR,NR,#VALUE!,Adult TV viewing,1-5 scale (never - every day),continuous,Fear,1-5 scale (never - every day),continuous,Parent,Questionnaire,,0.01,,,297,Self report,Fear,,,,,0.25,0.056,,,,,,,,,,,,,,,
12,Paavonen et al. (b),2009,"Child: care, health and development",Fiction,297,331,Finland,NR,5-6 yrs,1,NR,NR,NR,#VALUE!,Adult TV viewing,1-5 scale (never - every day),continuous,Nightmares,1-5 scale (never - every day),continuous,Parent,Questionnaire,,<.01,,,297,Self report,Sleep disorder,,,,,0.3,0.056,,,,,,,,,,,,,,,
13,Pfefferbaum,2000,Psychiatry,News,69,69,"White US (77%), native American (16%)",Mixed,12-13 yrs,1,NR,NR,NR,#VALUE!,Expsore to bombing related media at time of interview,4 point likert scale (none - a lot),continuous,PTSS score,Impact of events scale (IES-R),continuous,Child,Questionnaire,Media exposure to bombing and PTSD symptoms,p<.05,28.4,6.6,13,Self report,PTSD,148.315,-3.099731216,,,0.44,0.14,,41,13.9,29,little exposre: PTSS,,,,,,,,,,
13,Pfefferbaum,2000,Psychiatry,News,69,69,"White US (77%), native American (16%)",Mixed,12-13 yrs,1,NR,NR,NR,#VALUE!,Expsore to bombing related media at time of interview,4 point likert scale (none - a lot),continuous,PTSS score,Impact of events scale (IES-R),continuous,Child,Questionnaire,Media exposure to bombing and PTSD symptoms,p<.05,28.4,6.6,13,Self report,PTSD,133.35,-2.381837738,,,0.4,0.17,,38.3,13.9,19,some exposure: PTSS,,,,,,,,,,
13,Pfefferbaum,2000,Psychiatry,News,69,69,"White US (77%), native American (16%)",Mixed,12-13 yrs,1,NR,NR,NR,#VALUE!,Expsore to bombing related media at time of interview,4 point likert scale (none - a lot),continuous,PTSS score,Impact of events scale (IES-R),continuous,Child,Questionnaire,Media exposure to bombing and PTSD symptoms,p<.05,28.4,6.6,13,Self report,PTSD,67.20333333,-4.293329644,,,0.71,0.17,,44.9,10.7,7,high exposre: PTSS,,,,,,,,,,
13,Pfefferbaum,2000,Psychiatry,News,69,69,"White US (77%), native American (16%)",Mixed,12-13 yrs,1,NR,NR,NR,#VALUE!,Expsore to bombing related media at time of interview,4 point likert scale (none - a lot),continuous,PTSS score,Impact of events scale (IES-R),continuous,Child,Questionnaire,Media exposure to bombing and PTSD symptoms,NR,41,13.9,29,Self report,PTSD,193.21,0.658118569,,,0.1,0.15,,38.3,13.9,19,some exposure: PTSS,,,,,,,,,,
13,Pfefferbaum,2000,Psychiatry,News,69,69,"White US (77%), native American (16%)",Mixed,12-13 yrs,1,NR,NR,NR,#VALUE!,Expsore to bombing related media at time of interview,4 point likert scale (none - a lot),continuous,PTSS score,Impact of events scale (IES-R),continuous,Child,Questionnaire,Media exposure to bombing and PTSD symptoms,NR,41,13.9,29,Self report,PTSD,179.3182353,-0.691590705,,,0.12,0.17,,44.9,10.7,7,high exposre: PTSS,,,,,,,,,,
13,Pfefferbaum,2000,Psychiatry,News,69,69,"White US (77%), native American (16%)",Mixed,12-13 yrs,1,NR,NR,NR,#VALUE!,Expsore to bombing related media at time of interview,4 point likert scale (none - a lot),continuous,PTSS score,Impact of events scale (IES-R),continuous,Child,Questionnaire,Media exposure to bombing and PTSD symptoms,NR,38.3,13.9,19,Self report,PTSD,173.53,-1.133171906,,,0.23,0.2,,44.9,10.7,7,high exposre: PTSS,,,,,,,,,,
13,Pfefferbaum,2000,Psychiatry,News,69,69,"White US (77%), native American (16%)",Mixed,12-13 yrs,1,NR,NR,NR,#VALUE!,Expsore to bombing related media at aftermath,4 point likert scale (none - a lot),continuous,PTSS score,Impact of events scale (IES-R),continuous,Child,Questionnaire,Media exposure to bombing and PTSD symptoms,NS,24.5,2.1,2,Self report,PTSD,238.7433333,-0.911544433,,,0.35,0.38,,36,16.9,6,little exposre: PTSS,,,,,,,,,,
13,Pfefferbaum,2000,Psychiatry,News,69,69,"White US (77%), native American (16%)",Mixed,12-13 yrs,1,NR,NR,NR,#VALUE!,Expsore to bombing related media at aftermath,4 point likert scale (none - a lot),continuous,PTSS score,Impact of events scale (IES-R),continuous,Child,Questionnaire,Media exposure to bombing and PTSD symptoms,NS,24.5,2.1,2,Self report,PTSD,124.5013043,-0.996863772,,,0.2,0.2,,32.7,11.4,23,some exposure: PTSS,,,,,,,,,,
13,Pfefferbaum,2000,Psychiatry,News,69,69,"White US (77%), native American (16%)",Mixed,12-13 yrs,1,NR,NR,NR,#VALUE!,Expsore to bombing related media at aftermath,4 point likert scale (none - a lot),continuous,PTSS score,Impact of events scale (IES-R),continuous,Child,Questionnaire,Media exposure to bombing and PTSD symptoms,NS,24.5,2.1,2,Self report,PTSD,162.1468421,-1.959300854,,,0.3,0.15,,42.6,12.9,38,high exposre: PTSS,,,,,,,,,,
13,Pfefferbaum,2000,Psychiatry,News,69,69,"White US (77%), native American (16%)",Mixed,12-13 yrs,1,NR,NR,NR,#VALUE!,Expsore to bombing related media at aftermath,4 point likert scale (none - a lot),continuous,PTSS score,Impact of events scale (IES-R),continuous,Child,Questionnaire,Media exposure to bombing and PTSD symptoms,NR,36.6,16.9,6,Self report,PTSD,158.7840741,0.67515219,,,0.13,0.19,,32.7,11.4,23,some exposure: PTSS,,,,,,,,,,
13,Pfefferbaum,2000,Psychiatry,News,69,69,"White US (77%), native American (16%)",Mixed,12-13 yrs,1,NR,NR,NR,#VALUE!,Expsore to bombing related media at aftermath,4 point likert scale (none - a lot),continuous,PTSS score,Impact of events scale (IES-R),continuous,Child,Questionnaire,Media exposure to bombing and PTSD symptoms,NR,36.6,16.9,6,Self report,PTSD,180.6004762,-1.016325659,,,0.15,0.15,,42.6,12.9,38,high exposre: PTSS,,,,,,,,,,
13,Pfefferbaum,2000,Psychiatry,News,69,69,"White US (77%), native American (16%)",Mixed,12-13 yrs,1,NR,NR,NR,#VALUE!,Expsore to bombing related media at aftermath,4 point likert scale (none - a lot),continuous,PTSS score,Impact of events scale (IES-R),continuous,Child,Questionnaire,Media exposure to bombing and PTSD symptoms,NR,32.7,11.4,23,Self report,PTSD,152.8184746,-3.031363823,,,0.37,0.12,,42.6,12.9,38,high exposre: PTSS,,,,,,,,,,
14,"Phillips, Prince and Schiebelhut",2004,American Journal of Orthopsychiatry,News,47,47,US,NR,8-12 yrs,4,NR,NR,NR,#VALUE!,Exposure to news of attacks,A lot vs little/none,categorical,Negative reactions ,How America responds survey/ NYC protocol/ Norris's 2001 module,continuous,Parent,Questionnaire,Media exposure and stress reactions/ emotional response,p <.01,5.63,,19,Self report,High exposure: negative reaction,,,5.78,,0.34,0.14,,2.5,,28,Low exposure: negative reaction,,,,,,,,,"F(1, 45) = 5.78",
14,"Phillips, Prince and Schiebelhut",2004,American Journal of Orthopsychiatry,News,47,47,US,NR,8-12 yrs,4,NR,NR,NR,#VALUE!,Exposure to news of attacks,A lot vs little/none,categorical,PTS symptoms,PTSD diagnostic interview schedule for children,continuous,Parent,Questionnaire,Media exposure and stress reactions/ emotional response,<.05,2.63,,19,Self report,PTSD,,,4.554,,0.3,0.14,,1.23,,28,Low exposure: PTS symptoms,,,,,,,,,"F(1, 45) = 4.554",
14,"Phillips, Prince and Schiebelhut",2004,American Journal of Orthopsychiatry,News,47,47,US,NR,8-12 yrs,4,NR,NR,NR,#VALUE!,Exposure to news of attacks,A lot vs little/none,categorical,Feelings of shaken security,NR,continuous,Parent,Questionnaire,Media exposure and stress reactions/ emotional response,<.05,2.33,,19,Self report,Worry,,,4.639,,0.31,0.14,,1.89,,28,Low exposure: shaken security,,,,,,,,,"F(1, 33) = 4.639",
15,Saylor et al,2003,American Behavioral Scientist,News,171,179,White US (75%),Mixed,4-12 yrs,8,7.72,NR,51,49,Exposure to negative images of 9/11,checklist,continuous,PTS symptoms,PROPS (parent response of post traumatic symptoms),continuous,Parent,Questionnaire,"Whether different types of news report had been seen and measures of emotional distress, trauma and PTSD",<.008,,,171,Self report,PTSD,,,,,0.2,0.08,,,,,,,,,,,,,,,
15,Saylor et al,2003,American Behavioral Scientist,News,178,179,White US (75%),Mixed,4-12 yrs,8,7.72,NR,51,49,Exposure to negative images of 9/11,checklist,continuous,PTS symptoms,PEDS (Pediatric Emotional Distress Scale),continuous,Parent,Questionnaire,"Whether different types of news report had been seen and measures of emotional distress, trauma and PTSD",<.002,,,178,Self report,PTSD,,,,,0.23,0.07,,,,,,,,,,,,,,,
15,Saylor et al,2003,American Behavioral Scientist,News,178,179,White US (75%),Mixed,4-12 yrs,8,7.72,NR,51,49,Exposure to negative images of 9/11,checklist,continuous,PTS symptoms,PTSD subscale of PEDS,continuous,Parent,Questionnaire,"Whether different types of news report had been seen and measures of emotional distress, trauma and PTSD",<.001,,,178,Self report,PTSD,,,,,0.24,0.07,,,,,,,,,,,,,,,
15,Saylor et al,2003,American Behavioral Scientist,News,178,179,White US (75%),Mixed,4-12 yrs,8,7.72,NR,51,49,Exposure to negative images of 9/11,checklist,continuous,Anxiety/ withdrawal,PEDS subscale,continuous,Parent,Questionnaire,"Whether different types of news report had been seen and measures of emotional distress, trauma and PTSD",<.006,,,178,Self report,Anxiety,,,,,0.21,0.07,,,,,,,,,,,,,,,
16,Smith and Moyer-Guse,2009,Media Psychology,News,161,161,White US (88%),Middle class,5-17 yrs,12,11.53,NR,69,31,Exposure to TV news,No. hrs,continuous,Fear/ worry,0-4 scale (not at all - ver very concerned),continuous,Parent,Questionnaire,child’s fear responses to the war and patterns of exposure,<.05,,,161,Self report,Fear,,,,,0.24,0.08,,,,,,,,,,,,,,,
16,Smith and Moyer-Guse,2009,Media Psychology,News,161,161,White US (88%),Middle class,5-17 yrs,12,11.53,NR,69,31,Exposure to TV news,No. hrs,continuous,Safety concern,0-4 scale (not at all - ver very concerned),continuous,Parent,Questionnaire,child’s fear responses to the war and patterns of exposure,<.05,,,161,Self report,Worry,,,,,0.22,0.08,,,,,,,,,,,,,,,
16,Smith and Moyer-Guse,2009,Media Psychology,News,161,161,White US (88%),Middle class,5-17 yrs,12,11.53,NR,69,31,Exposure to TV news,No. hrs,continuous,Anxiety,Anxiety index of behavioural manifestations of upset,continuous,Parent,Questionnaire,child’s fear responses to the war and patterns of exposure,<.05,,,161,Self report,Anxiety,,,,,0.15,0.08,,,,,,,,,,,,,,,
17,Smith and Wilson,2002,Media Psychology,News,125,125,White US (91.2%),Upper Middle class,5-14 yrs,9,9.6,NR,56.8,43.2,Esposure to news ,0-3 scale (never - every day),continuous,Spontaneous reports fear,yes/ no,categorical,Child,Questionnaire,,ns,,,125,Self report,Fear,,,,,-0.07,0.09,,,,,,,,,,,,,,,
17,Smith and Wilson,2002,Media Psychology,News,125,125,White US (91.2%),Upper Middle class,5-14 yrs,9,9.6,NR,56.8,43.2,Esposure to news ,0-3 scale (never - every day),continuous,Fear intensity,0-4 scale (not at all - ver very scared),continuous,Child,Questionnaire,,ns,,,125,Self report,Fear,,,,,-0.11,0.09,,,,,,,,,,,,,,,
18,Sparks and Cantor,1986,Journal of Broadcasting and Electronic media,Fiction,50,50,NR,NR,3-5 yrs,2,NR,NR,44,56,Transformation stage,pre/during/post transformation,categorical,Fear intensity,0-3 (not at all - very very scared),continuous,Child,Experimental,"2 age groups shown incredible hulk transformation clip, asked to rate fear 1-3 pre, during, post transformation",<.05,0.56,,50,Self report,Fear,,,,,0.277185,0.14,,0.94,,50,Post transformation: fear,,,,,,,,,0.277185,based on p = 0.05
18,Sparks and Cantor,1986,Journal of Broadcasting and Electronic media,Fiction,51,51,NR,NR,9-11 yrs,2,NR,NR,37.3,62.7,Transformation stage,pre/during/post transformation,categorical,Fear intensity,0-3 (not at all - very very scared),continuous,Child,Experimental,"2 age groups shown incredible hulk transformation clip, asked to rate fear 1-3 pre, during, post transformation",<.05,0.73,,50,Self report,Fear,,,,,-0.274454,0.14,,0.3,,50,Post transformation: fear,,,,,,,,,-0.274454,based on p = 0.05
19,"Unz, Schwab and Winterhoff-Spurk",2008,"Journal of Media Psychology: Theories, Methods, and Applications",News,135,135,White German,Middle class,14-15 yrs,1,NR,NR,50,50,Type of violence in news,clips varying intentions vs. non intentional and violene towards animals vs people,categorical,Sadness,DAS 1-5 scale ,continuous,Child,Experimental,"Shown violent news and measured facial expression and self report of fear, sadness etc.",,1.38,0.5,135,Self report,Sadness,,,,1.5,0.6,0.07,,2.13,0.75,135,intentional human violence: sadness,,,,,,,,,,
19,"Unz, Schwab and Winterhoff-Spurk",2008,"Journal of Media Psychology: Theories, Methods, and Applications",News,135,135,White German,Middle class,14-15 yrs,1,NR,NR,50,50,Type of violence in news,clips varying intentions vs. non intentional and violene towards animals vs people,categorical,Sadness,DAS 1-5 scale ,continuous,Child,Experimental,"Shown violent news and measured facial expression and self report of fear, sadness etc.",,1.38,0.5,135,Self report,Sadness,,,,0.68,0.32,0.08,,1.72,0.68,135,non-intentional human violence: sadness,,,,,,,,,,
19,"Unz, Schwab and Winterhoff-Spurk",2008,"Journal of Media Psychology: Theories, Methods, and Applications",News,135,135,White German,Middle class,14-15 yrs,1,NR,NR,50,50,Type of violence in news,clips varying intentions vs. non intentional and violene towards animals vs people,categorical,Sadness,DAS 1-5 scale ,continuous,Child,Experimental,"Shown violent news and measured facial expression and self report of fear, sadness etc.",,1.38,0.5,135,Self report,Sadness,,,,2.44,0.77,0.05,,2.6,0.78,135,intentional object violence: sadness,,,,,,,,,,
19,"Unz, Schwab and Winterhoff-Spurk",2008,"Journal of Media Psychology: Theories, Methods, and Applications",News,135,135,White German,Middle class,14-15 yrs,1,NR,NR,50,50,Type of violence in news,clips varying intentions vs. non intentional and violene towards animals vs people,categorical,Sadness,DAS 1-5 scale ,continuous,Child,Experimental,"Shown violent news and measured facial expression and self report of fear, sadness etc.",,1.38,0.5,135,Self report,Fear,,,,0.76,0.36,0.08,,1.76,0.67,135,non-intentional object violence: sadness,,,,,,,,,,
19,"Unz, Schwab and Winterhoff-Spurk",2008,"Journal of Media Psychology: Theories, Methods, and Applications",News,135,135,White German,Middle class,14-15 yrs,1,NR,NR,50,50,Type of violence in news,clips varying intentions vs. non intentional and violene towards animals vs people,categorical,Fear,DAS 1-5 scale ,continuous,Child,Experimental,"Shown violent news and measured facial expression and self report of fear, sadness etc.",,1.46,0.46,135,Self report,Fear,,,,1.456521739,0.59,0.07,,2.13,0.78,135,intentional human violence: fear,,,,,,,,,,
19,"Unz, Schwab and Winterhoff-Spurk",2008,"Journal of Media Psychology: Theories, Methods, and Applications",News,135,135,White German,Middle class,14-15 yrs,1,NR,NR,50,50,Type of violence in news,clips varying intentions vs. non intentional and violene towards animals vs people,categorical,Fear,DAS 1-5 scale ,continuous,Child,Experimental,"Shown violent news and measured facial expression and self report of fear, sadness etc.",,1.46,0.46,135,Self report,Fear,,,,0.652173913,0.31,0.08,,1.76,0.73,135,non-intentional human violence: fear,,,,,,,,,,
19,"Unz, Schwab and Winterhoff-Spurk",2008,"Journal of Media Psychology: Theories, Methods, and Applications",News,135,135,White German,Middle class,14-15 yrs,1,NR,NR,50,50,Type of violence in news,clips varying intentions vs. non intentional and violene towards animals vs people,categorical,Fear,DAS 1-5 scale ,continuous,Child,Experimental,"Shown violent news and measured facial expression and self report of fear, sadness etc.",,1.46,0.46,135,Self report,Fear,,,,1.52173913,0.61,0.07,,2.16,0.76,135,intentional object violence: fear,,,,,,,,,,
19,"Unz, Schwab and Winterhoff-Spurk",2008,"Journal of Media Psychology: Theories, Methods, and Applications",News,135,135,White German,Middle class,14-15 yrs,1,NR,NR,50,50,Type of violence in news,clips varying intentions vs. non intentional and violene towards animals vs people,categorical,Fear,DAS 1-5 scale ,continuous,Child,Experimental,"Shown violent news and measured facial expression and self report of fear, sadness etc.",,1.46,0.46,135,Self report,Fear,,,,0.695652174,0.33,0.08,,1.78,0.7,135,non-intentional object violence: fear,,,,,,,,,,
20,Van der Molen and Bushman,2008,The Journal of Pediatrics,Fiction,572,572,White Dutch,lower - middle class,8-12 yrs,4,10.23,NR,53,47,Exposure to violent fiction,"low/ average/ heavy = <1, 1-2.5, >2.5 hrs per day",Categorical,Fright,1-4 scale (never - very often),continuous,Child,Questionnaire,"Children were given pictures and description of fright and worry, and then different types of TV content. They had to state how often and how much they felt fear and worry when viewing various content.",,1.92,0.69,67,Self report,Fear,0.42012518,1.620467785,,,0.08,0.05,,1.78,0.64,352,average: fright fiction,,,,,,,,,,
20,Van der Molen and Bushman,2008,The Journal of Pediatrics,Fiction,572,572,White Dutch,lower - middle class,8-12 yrs,4,10.23,NR,53,47,Exposure to violent fiction,"low/ average/ heavy = <1, 1-2.5, >2.5 hrs per day",Categorical,Fright,1-4 scale (never - very often),continuous,Child,Questionnaire,"Children were given pictures and description of fright and worry, and then different types of TV content. They had to state how often and how much they felt fear and worry when viewing various content.",,1.92,0.69,67,Self report,Fear,0.412162385,3.615068376,,,0.24,0.07,,1.58,0.62,153,frequent: fright fiction,,,,,,,,,,
20,Van der Molen and Bushman,2008,The Journal of Pediatrics,Fiction,572,572,White Dutch,lower - middle class,8-12 yrs,4,10.23,NR,53,47,Exposure to violent fiction,"low/ average/ heavy = <1, 1-2.5, >2.5 hrs per day",Categorical,Fright,1-4 scale (never - very often),continuous,Child,Questionnaire,"Children were given pictures and description of fright and worry, and then different types of TV content. They had to state how often and how much they felt fear and worry when viewing various content.",,1.78,0.64,352,Self report,Fear,0.401984891,3.257590493,,,0.14,0.04,,1.58,0.62,153,frequent: fright fiction,,,,,,,,,,
20,Van der Molen and Bushman,2008,The Journal of Pediatrics,Fiction,572,572,White Dutch,lower - middle class,8-12 yrs,4,10.23,NR,53,47,Exposure to violent fiction,"low/ average/ heavy = <1, 1-2.5, >2.5 hrs per day",Categorical,Worry,1-4 scale (never - very often),continuous,Child,Questionnaire,"Children were given pictures and description of fright and worry, and then different types of TV content. They had to state how often and how much they felt fear and worry when viewing various content.",,1.95,0.63,67,Self report,Worry,0.418448201,1.507732239,,,0.07,0.05,,1.82,0.65,352,average: worry fiction,,,,,,,,,,
20,Van der Molen and Bushman,2008,The Journal of Pediatrics,Fiction,572,572,White Dutch,lower - middle class,8-12 yrs,4,10.23,NR,53,47,Exposure to violent fiction,"low/ average/ heavy = <1, 1-2.5, >2.5 hrs per day",Categorical,Worry,1-4 scale (never - very often),continuous,Child,Questionnaire,"Children were given pictures and description of fright and worry, and then different types of TV content. They had to state how often and how much they felt fear and worry when viewing various content.",,1.95,0.63,67,Self report,Worry,0.346698165,3.825691488,,,0.25,0.07,,1.62,0.57,153,frequent: worry fiction,,,,,,,,,,
20,Van der Molen and Bushman,2008,The Journal of Pediatrics,Fiction ,572,572,White Dutch,lower - middle class,8-12 yrs,4,10.23,NR,53,47,Exposure to violent fiction,"low/ average/ heavy = <1, 1-2.5, >2.5 hrs per day",Categorical,Worry,1-4 scale (never - very often),continuous,Child,Questionnaire,"Children were given pictures and description of fright and worry, and then different types of TV content. They had to state how often and how much they felt fear and worry when viewing various content.",,1.82,0.65,352,Self report,Worry,0.393006561,3.294590589,,,0.15,0.04,,1.62,0.57,153,frequent: worry fiction,,,,,,,,,,
20,Van der Molen and Bushman,2008,The Journal of Pediatrics,News,572,572,White Dutch,lower - middle class,8-12 yrs,4,10.23,NR,53,47,Exposure to violent news,"low/ average/ heavy = <1, 1-2.5, >2.5 hrs per day",Categorical,Fright,1-4 scale (never - very often),continuous,Child,Questionnaire,"Children were given pictures and description of fright and worry, and then different types of TV content. They had to state how often and how much they felt fear and worry when viewing various content.",,2.04,0.62,67,Self report,Fear,0.473286331,1.308642398,,,0.06,0.05,,1.92,0.7,352,average: fright news,,,,,,,,,,
20,Van der Molen and Bushman,2008,The Journal of Pediatrics,News,572,572,White Dutch,lower - middle class,8-12 yrs,4,10.23,NR,53,47,Exposure to violent news,"low/ average/ heavy = <1, 1-2.5, >2.5 hrs per day",Categorical,Fright,1-4 scale (never - very often),continuous,Child,Questionnaire,"Children were given pictures and description of fright and worry, and then different types of TV content. They had to state how often and how much they felt fear and worry when viewing various content.",,2.04,0.62,67,Self report,Fear,0.393115596,2.939513123,,,0.2,0.07,,1.77,0.63,153,frequent: fright news,,,,,,,,,,
20,Van der Molen and Bushman,2008,The Journal of Pediatrics,News,572,572,White Dutch,lower - middle class,8-12 yrs,4,10.23,NR,53,47,Exposure to violent news,"low/ average/ heavy = <1, 1-2.5, >2.5 hrs per day",Categorical,Fright,1-4 scale (never - very often),continuous,Child,Questionnaire,"Children were given pictures and description of fright and worry, and then different types of TV content. They had to state how often and how much they felt fear and worry when viewing various content.",,1.92,0.7,352,Self report,Fear,0.461866402,2.279315437,,,0.1,0.04,,1.77,0.63,153,frequent: fright news,,,,,,,,,,
20,Van der Molen and Bushman,2008,The Journal of Pediatrics,News,572,572,White Dutch,lower - middle class,8-12 yrs,4,10.23,NR,53,47,Exposure to violent news,"low/ average/ heavy = <1, 1-2.5, >2.5 hrs per day",Categorical,Worry,1-4 scale (never - very often),continuous,Child,Questionnaire,"Children were given pictures and description of fright and worry, and then different types of TV content. They had to state how often and how much they felt fear and worry when viewing various content.",,2.2,0.58,67,Self report,Worry,0.408872662,1.173296256,,,0.06,0.05,,2.1,0.65,352,average: worry news,,,,,,,,,,
20,Van der Molen and Bushman,2008,The Journal of Pediatrics,News,572,572,White Dutch,lower - middle class,8-12 yrs,4,10.23,NR,53,47,Exposure to violent news,"low/ average/ heavy = <1, 1-2.5, >2.5 hrs per day",Categorical,Worry,1-4 scale (never - very often),continuous,Child,Questionnaire,"Children were given pictures and description of fright and worry, and then different types of TV content. They had to state how often and how much they felt fear and worry when viewing various content.",,2.2,0.58,67,Self report,Worry,0.424253211,2.829586479,,,0.19,0.07,,1.93,0.68,153,frequent: worry news,,,,,,,,,,
20,Van der Molen and Bushman,2008,The Journal of Pediatrics,News,572,572,White Dutch,lower - middle class,8-12 yrs,4,10.23,NR,53,47,Exposure to violent news,"low/ average/ heavy = <1, 1-2.5, >2.5 hrs per day",Categorical,Worry,1-4 scale (never - very often),continuous,Child,Questionnaire,"Children were given pictures and description of fright and worry, and then different types of TV content. They had to state how often and how much they felt fear and worry when viewing various content.",,2.1,0.65,352,Self report,Worry,0.434557256,2.663157039,,,0.12,0.04,,1.93,0.68,153,frequent: worry news,,,,,,,,,,
21,"Wilson, Martins and Marske",2005,Communication monographs,News,182,182,White US (90%),Middle - upper class,5-18 yrs,13,10.61,NR,43,57,Frequency of exposure to news,0-3 scale (never - every day),continuous,Fright,0-4 scale (none - very very scared),continuous,Parents,Questionnaire,,<.10 (NS),,,,Self report,Fear,,,,,0.14,0.07,,,,,,,,,,,,,,,
21,"Wilson, Martins and Marske",2005,Communication monographs,News,182,182,White US (90%),Middle - upper class,5-18 yrs,13,10.61,NR,43,57,Frequency of exposure to news,0-3 scale (never - every day),continuous,Concern for safety,0-4 scale (none - very very concerned),continuous,Parents,Questionnaire,,<.05,,,,Self report,Worry,,,,,0.17,0.07,,,,,,,,,,,,,,,
22,Cantor et al.,1986,Communication research,Fiction,73,73,US,NR,3-18 yrs,15,NR,NR,59,41,Exposure to nuclear holocaust film,0-3 (none to most/all),continuous,Upset/ worry,1-5 scale (none - extremelely),continuous,Parents,Questionnaire,"Called houses in phonebook, if had child asked whether they had seen the recent film and whether it caused them upset",,,,73,,,,,,,,,,,,,,,,,,,,,,,
23,Schuster et al ,2001,New England Journal of Medicine,News,167,167,US (mostly non-hispanic white 75%),Middle-upper class,5-18 yrs,13,NR,NR,57,43,Exposure to sep 11 news coverage,hours,continuous,PTSD symptoms,Diagnostic interview schedule for children,continuous,Parents,Questionnaire,Random digit dialling 3-5 days after September 11 attack asking how much news footage had been watched ,0.02,,,167,Self Report,PTSD,,,,,0.27,,,,,,,,,,,,,,,,
24,Pfefferbaum (b),2001,Psychiatry,News,1938,1938,"Mixed (43% African American, 33% white)",Low SES,11-14 yrs,3,NR,NR,56,42,Amount bomb related TV viewing,0-5 scale (none to all TV viewing time),continuous,PTSD symptoms,Posttraumatic Stress Symptom Scale (PTSS),Continuous,Child,Questionnaire,Children from 11 schools were asked how much television exposure to the bombing they had and indicated the frequency of 22 PTS symptoms in their class times,<.0001,,,1938,Self Report,PTSD,,,,,0.24,,,,,,,,,,,,,,,,
25,Pfefferbaum (c),2003,Annals of Clinical Psychiatry,News,87,69,Caucasian (80%),Low SES,13-14 yrs,1,NR,NR,52,48,Amount bomb related TV and radio exposure,1-4 point scale (none- lots),continuous,PTSD symptoms,Posttraumatic Stress Symptom Scale (PTSS),continuous,child,Questionnaire,Children from schools 100 miles from Oklahoma bombing were asked to complete questionnaires in class indicating how much TV and radio media they had been exposed to and frequency of PTSD symptoms,<.01,,,69,Self Report,PTSD,,,,,0.33,,,,,,,,,,,,,,,,
25,Pfefferbaum (c),2004,Annals of Clinical Psychiatry,News,87,87,Caucasian (80%),Low SES,13-14 yrs,2,NR,NR,52,48,Amount bomb related TV and radio exposure,1-4 point scale (none- lots),continuous,Negative reaction to Media coverage,"sum of 'yes' responses for sad, afraid, nervous and mad when viewing",?,child,Questionnaire,"Children from schools 100 miles from Oklahoma bombing were asked to complete questionnaires in class indicating how much TV and radio media they had been exposed to and whether they had felt sad, afraid, nervous or mad when exposed to media coverage",<.01,,,87,Self Report,Negative affect,,,,,0.37,,,,,,,,,,,,,,,,
26,Weems et al ,2012,Psychological Science,News,141,141,African American (96%),Low SES,9-16 years,7,NR,NR,48,52,Amount coverage of Gustav related news watched,0-3 point scale (none - a lot),continuous,PTSD symptoms,University of California at LA Posttraumatic Stress DisorderReaction Index (UCLA- PTSD RI),continuous,Child,Questionnaire,At T3 (1 month after Hurrican Gustav) children reported how much TV news coverage they had watched of it and PTSD symptoms,<.05,,,141,Self report,PTSD,,,,,0.19,,,,,,,,,,,,,,,,
27,Schredl,2008,Dreaming,Fiction,252,252,Germany,NR,9-13 yrs,4,11.12,0.93,47.22,52.78,Exposure to crime/ police fiction,6 point scale (0 never to 5 several times a day),continuous,frequency of nightmares,"6 point scale (0 never, 5 almost every morning)",continuous,Children,Questionnaire,completed questionnaire at school,<.10,,,,252,self-report,Sleep disorder,,,,0.102,,,,,,,,,,,,,,,,
28,Pfefferbaum (d),1999,American Journal of Psychiatry,News,156,3114,"US (43% African American, 34% Anglo)",NR,11-18 yrs,7,NR,NR,43.48,56.52,Proprtion of viewing of bombing after incident,"none, very little, some, most, all",categorical,PTSS score on Impact of Event Scale,sum of score,continuous,children,questionnaire,given questionnaires at school,NS,No exposure,39.6,12.4,40,self-report,PTSS,,,,,,,39.1,12.4,116,very little exposure,0.072,,,,,,,,,
28,Pfefferbaum (d),1999,American Journal of Psychiatry,News,795,3114,"US (43% African American, 34% Anglo)",NR,11-18 yrs,7,NR,NR,43.48,56.52,Proprtion of viewing of bombing after incident,"none, very little, some, most, all",categorical,PTSS score on Impact of Event Scale,sum of score,continuous,children,questionnaire,given questionnaires at school,NS,No exposure,39.6,12.4,40,self-report,PTSS,,,,,,,37.4,11.8,755,some exposure,0.009,,,,,,,,,
28,Pfefferbaum (d),1999,American Journal of Psychiatry,News,1373,3114,"US (43% African American, 34% Anglo)",NR,11-18 yrs,7,NR,NR,43.48,56.52,Proprtion of viewing of bombing after incident,"none, very little, some, most, all",categorical,PTSS score on Impact of Event Scale,sum of score,continuous,children,questionnaire,given questionnaires at school,NS,No exposure,39.6,12.4,40,self-report,PTSS,,,,,,,41.3,1201,1333,most exposure,0.061,,,,,,,,,
28,Pfefferbaum (d),1999,American Journal of Psychiatry,News,792,3114,"US (43% African American, 34% Anglo)",NR,11-18 yrs,7,NR,NR,43.48,56.52,Proprtion of viewing of bombing after incident,"none, very little, some, most, all",categorical,PTSS score on Impact of Event Scale,sum of score,continuous,children,questionnaire,given questionnaires at school,NS,No exposure,39.6,12.4,40,self-report,PTSS,,,,,,,46.2,13.6,752,all exposure,0.149,,,,,,,,,
29,Pfefferbaum (e) ,2008,ournal of the Oklahoma State Medical Association,News,117,118,US,NR,11-12 yrs,1,11.5,NR,53,47,Exposure of bomb related media coverage  at time,A lot vs little/none,Categorical,Afraid,yes vs no,categorical,children,Questionnaire,,,,,117,,,Afraid NOW,,,,0.152,,,,,,,,,,,,,,,,
29,Pfefferbaum (e) ,2008,ournal of the Oklahoma State Medical Association,News,118,118,US,NR,11-12 yrs,1,11.5,NR,53,47,exposure of bomb related media coverage  2 yrs later,A lot vs little/none,Categorical,Afraid,yes vs no,categorical,children,Questionnaire,,,,,118,,,Afraid 2 yrs,,,,0.1757061,,,,,,,,,,,,,,,,
29,Pfefferbaum (e) ,2008,ournal of the Oklahoma State Medical Association,News,117,118,US,NR,11-12 yrs,1,11.5,NR,53,47,exposure of bomb related media coverage  2 yrs later,A lot vs little/none,Categorical,Afraid,yes vs no,categorical,children,Questionnaire,,,,,117,,,Afraid 2 yrs,,,,0,,,,,,,,,,,,,,,,
29,Pfefferbaum (e) ,2008,ournal of the Oklahoma State Medical Association,News,117,118,US,NR,11-12 yrs,1,11.5,NR,53,47,Exposure of bomb related media coverage  at time,A lot vs little/none,Categorical,Sadness,yes vs no,categorical,children,Questionnaire,,,,,117,,,Sad NOW,,,,0.280454582,,,,,,,,,,,,,,,,
29,Pfefferbaum (e) ,2008,ournal of the Oklahoma State Medical Association,News,118,118,US,NR,11-12 yrs,1,11.5,NR,53,47,exposure of bomb related media coverage  2 yrs later,A lot vs little/none,Categorical,Sadness,yes vs no,categorical,children,Questionnaire,,,,,118,,,Sad 2 yrs,,,,0.150736071,,,,,,,,,,,,,,,,
29,Pfefferbaum (e) ,2008,ournal of the Oklahoma State Medical Association,News,116,118,US,NR,11-12 yrs,1,11.5,NR,53,47,exposure of bomb related media coverage  2 yrs later,A lot vs little/none,Categorical,Sadness,yes vs no,categorical,children,Questionnaire,,,,,117,,,Sad 2 yrs,,,,0.158392536,,,,,,,,,,,,,,,,
29,Pfefferbaum (e) ,2008,ournal of the Oklahoma State Medical Association,News,140,140,US,NR,11-13 yrs,2,11.93,NR,54,46,exposure of bomb related media coverage  3 yrs later,A lot vs little/none,Categorical,Afraid,yes vs no,categorical,children,Questionnaire,,,,,140,,,Afraid 3 yrs,,,,0.09375,,,,,,,,,,,,,,,,
29,Pfefferbaum (e) ,2008,ournal of the Oklahoma State Medical Association,News,140,140,US,NR,11-13 yrs,2,11.93,NR,54,46,exposure of bomb related media coverage  3 yrs later,A lot vs little/none,Categorical,Sadness,yes vs no,categorical,children,Questionnaire,,,,,140,,,Sad 3 yrs,,,,-0.036860489,,,,,,,,,,,,,,,,
30,Ferguson et al ,1999,The Journal of Pediatrics,Fiction,602,603,US (96% Hispanic),NR,10-14 yrs,3,12.35,1.34,51.2,48.8,"Media violence q'aire (3 fav shows/ games, F of viewing and level of violence)",total score,continuous,Fear,CBCL,continuous,children,Questionnaire,,,,,602,,,Anxiety,,,,0.039,,,,,,,,,,,,,,,,
30,Ferguson et al ,1999,The Journal of Pediatrics,Fiction,602,603,US (96% Hispanic),NR,10-14 yrs,3,12.35,1.34,51.2,48.8,"Media violence q'aire (3 fav shows/ games, F of viewing and level of violence)",total score,continuous,Depression,CBCL,continuous,children,Questionnaire,,,,,602,,,Depression,,,,0.076,,,,,,,,,,,,,,,,
30,Ferguson et al ,1999,The Journal of Pediatrics,Fiction,602,603,US (96% Hispanic),NR,10-14 yrs,3,12.35,1.34,51.2,48.8,"Media violence q'aire (3 fav shows/ games, F of viewing and level of violence)",total score,continuous,Fear,CBCL,continuous,parent,Questionnaire,,,,,602,,,Anxiety,,,,0.046,,,,,,,,,,,,,,,,
30,Ferguson et al ,1999,The Journal of Pediatrics,Fiction,602,603,US (96% Hispanic),NR,10-14 yrs,3,12.35,1.34,51.2,48.8,"Media violence q'aire (3 fav shows/ games, F of viewing and level of violence)",total score,continuous,Depression,CBCL,continuous,parent,Questionnaire,,,,,602,,,Depression,,,,0.081,,,,,,,,,,,,,,,,
31,Gentile & Walsh,2002,Journal of Applied Developmental Psychology,Fiction,863,500,US,NR,2-18 yrs,16,9.56,4.81,49.02,50.89,Exposure to R rated TV,5 point scale (always to never),continuous,Fear,5 point scale of scared by TV content (strongly disagree to strongly agree),continuous,parent,Questionnaire,,,,,500,,,,,,,0.148,,,,,,,,,,,,,,,,
32,Davies and Gentile,2012,Family Relations,Fiction,2801,1519,US,NR,2-18 yrs,16,8.92,4.48,49.59,50.41,Exposure to R rated TV,6 point scale (always to never),continuous,Fear,5 point scale of scared by TV content (strongly disagree to strongly agree),continuous,parent,Questionnaire,,,,,1519,,,,,,,0.15,,,,,,,,,,,,,,,,